Barnstable,7756,11271,6094,11936,8119,10029,9894,14636,16210,8562,15831,8841,11913,7352,7812,11260,9961,9802,19139,3114,12029,12649,14622,9806,10824,7157,4848,13646,7988,10321,9317,8968
Bourne,2942,4557,2205,4884,3147,3989,3837,6047,6424,3468,5498,4323,5094,2925,3534,4203,4258,3731,7072,1727,4905,5099,5874,4041,4299,3038,1562,5873,2934,4472,3636,3742
Brewster,1835,3126,1776,2922,2321,2406,2239,4066,4310,2099,4346,2019,2730,2153,1798,3121,2167,2887,4988,725,3421,2859,3857,2386,2596,2189,1530,3335,2519,2284,2637,2138
Chatham,1563,2288,1311,2332,1581,2007,1815,2805,3089,1604,3267,1404,2153,1526,1393,2318,1800,1981,3552,515,2408,2046,2599,1826,1876,1544,1079,2459,1944,1560,1710,1767
Dennis,2877,4778,2474,4799,3345,3942,3373,5769,5930,3409,5798,3476,4492,2774,2791,4435,3487,3938,6961,1004,4281,4656,5057,3799,3736,2996,1692,5239,2855,4004,3576,3241
Eastham,1116,1867,1049,1795,1397,1382,1290,2463,2511,1266,2560,1188,1572,1382,1040,1936,1203,1864,2869,347,1970,1639,2228,1349,1339,1383,999,1799,1401,1374,1630,1115
Falmouth,6005,8588,4450,9356,6090,7761,6490,12401,12259,6613,11651,7071,8313,7036,7527,7456,6661,8677,14654,2261,10026,8899,11575,7216,7440,6549,4254,9861,6682,7351,7994,6001
Harwich,2308,3829,2009,3841,2665,3135,2721,4975,4858,2952,5185,2624,3553,2586,2341,3892,2894,3516,6352,938,4031,3888,4645,3193,3307,2554,1738,4247,2719,3193,3156,2735
Mashpee,2511,3150,1737,3619,2395,3010,3163,4549,5068,2804,4784,3064,3755,2215,2580,3529,3156,3104,6029,1036,3829,4247,4627,3346,3419,2339,1295,4666,2416,3500,3054,2849
Orleans,1182,2484,1323,2107,1585,1834,1630,2810,3015,1517,3282,1242,1762,1729,1242,2378,1551,2161,3566,484,2496,1901,2693,1675,1696,1643,1282,2136,2059,1335,1850,1521
Provincetown,868,1040,712,999,1050,630,757,1557,1942,339,1772,473,623,1135,572,1131,458,1303,2027,207,1802,500,1939,349,563,1022,767,844,692,904,1039,446
Sandwich,3556,5496,2863,5730,3621,4983,5039,6809,7568,4264,7181,4579,6330,3633,4310,5225,5269,4651,9625,1443,5789,6371,6913,5252,5681,3257,1997,7036,3830,5154,4549,4394
Truro,479,712,481,629,647,469,444,978,1098,316,1068,329,551,646,392,783,420,783,1263,127,989,444,1089,340,447,648,416,680,545,541,602,384
Wellfleet,642,1019,627,929,864,675,712,1441,1697,451,1536,579,795,982,576,1136,671,1099,1892,215,1489,703,1645,536,738,880,710,932,949,683,998,518
Yarmouth,3961,6872,3446,6801,4828,5493,5055,8401,8549,5183,8543,5139,6162,4022,4059,6469,5026,5772,10205,1709,6219,7123,7399,5742,5464,4215,2611,7364,4124,5767,5203,4635
Adams,853,1725,674,1832,1076,1414,775,3223,2140,1848,2502,1490,903,1391,618,1623,663,1657,2589,917,1929,1864,2340,1409,986,1140,1084,1103,705,1451,1473,683
Alford,61,184,93,120,105,101,64,237,198,90,239,62,59,159,67,142,36,181,234,57,238,61,224,69,69,124,141,62,137,65,116,58
Becket,261,298,198,343,310,221,267,675,661,272,629,300,237,361,212,364,221,377,659,141,687,251,709,227,262,294,299,285,293,291,382,199
Cheshire,425,854,330,855,537,649,493,1370,1037,809,1166,681,482,640,365,706,389,720,1224,413,930,781,1066,610,449,539,456,536,403,591,573,355
Clarksburg,254,365,129,437,213,356,133,766,423,454,492,389,200,346,132,393,160,385,620,207,410,437,483,341,255,291,265,293,207,347,313,179
Dalton,625,1654,560,1588,1055,1086,657,2835,1926,1541,2519,938,854,1426,695,1485,700,1570,2152,744,1681,1643,1989,1322,963,1023,1074,949,871,1143,1346,670
Egremont,161,480,247,318,335,225,184,612,577,220,628,168,217,380,195,370,184,409,632,143,623,178,597,197,229,373,359,246,385,223,388,187
Florida,141,118,90,149,107,134,111,311,245,174,219,200,128,122,94,138,120,127,278,83,214,154,240,114,117,113,113,121,98,134,138,68
Great Barrington,562,1932,928,1372,1341,939,2487,1115,711,2901,2816,777,778,1662,608,1723,623,1819,2514,560,2278,1168,2424,1047,1100,1481,1481,1232,1532,1147,1887,776
Hancock,108,147,80,151,126,100,121,278,217,164,250,127,99,184,85,182,116,166,271,88,257,110,241,116,117,112,126,106,123,108,131,87
Hinsdale,235,430,177,427,291,313,274,810,648,435,782,299,270,421,220,433,268,417,768,240,635,386,669,339,322,336,369,295,262,398,359,239
Lanesborough,290,753,284,688,480,488,328,1307,954,663,1154,473,366,614,293,692,334,688,987,364,1016,535,1017,529,433,460,540,389,404,509,628,286
Lee,596,1451,626,1291,1028,868,573,2405,1791,1195,2149,830,759,1151,537,1276,556,1381,1897,610,1531,1331,1808,1022,788,942,801,973,831,926,1161,581
Lenox,560,1681,661,1429,1120,968,508,2453,1785,1175,2369,596,685,1493,561,1459,523,1641,1932,696,1731,1140,1833,1034,795,1119,1116,873,1204,761,1312,620
Monterey,132,294,186,196,240,135,141,423,412,155,465,94,110,287,113,262,113,276,409,87,376,128,367,143,151,199,235,122,235,121,245,82
Mount Washington,22,50,27,36,38,23,30,85,90,20,90,23,25,49,29,45,24,53,94,8,87,15,88,17,33,37,42,29,47,24,35,23
New Ashford,39,54,29,57,39,44,31,113,94,41,89,46,53,57,33,73,40,69,105,42,120,31,100,44,54,51,64,43,47,58,63,31
New Marlborough,186,410,221,309,294,231,224,573,541,254,602,196,218,364,196,374,202,376,647,144,602,217,600,211,238,297,276,267,320,222,322,172
N. Adams,1332,2226,950,2446,1517,1857,1086,4710,3403,2365,3743,2031,1161,2239,763,2531,872,2561,3849,1128,2926,2543,3645,1710,1429,1723,1656,1609,1206,2019,2272,947
Otis,215,293,156,322,276,203,247,598,562,276,580,258,233,329,189,351,248,321,612,116,527,280,566,236,264,289,214,362,244,321,344,218
Peru,125,129,85,144,117,116,106,355,298,159,323,134,119,174,83,187,109,180,357,97,320,142,335,128,139,142,146,137,108,178,200,74
Pittsfield,3585,9592,3542,9291,6264,6387,3920,16269,11493,8636,14722,5309,4492,7835,3474,8425,3828,8728,12775,4310,10167,8846,12284,6490,5031,5971,5699,5625,4840,6388,7864,3331
Richmond,232,488,261,439,358,332,187,771,620,343,770,189,209,513,203,480,187,536,597,231,577,308,589,293,245,377,371,269,373,257,406,220
Sandisfield,103,157,77,131,125,80,163,271,289,136,287,133,127,181,110,178,132,169,348,89,310,135,310,132,115,142,131,129,129,134,172,78
Savoy,81,125,69,118,86,105,120,280,236,166,262,134,108,119,86,135,120,107,273,74,232,118,229,115,105,108,116,97,85,125,120,54
Sheffield,317,954,451,695,630,503,442,1368,1205,599,1339,458,419,791,316,840,401,805,1343,362,1140,627,1227,525,487,614,550,573,600,522,651,346
Stockbridge,229,680,320,513,489,333,243,967,842,364,1004,203,241,601,196,589,207,627,804,229,787,352,804,329,355,482,507,371,566,308,621,243
Tyringham,45,143,46,120,94,76,58,215,171,97,199,69,75,140,89,108,66,149,179,67,150,102,147,101,65,118,105,84,118,71,106,59
Washington,107,139,78,153,121,108,68,279,220,124,240,104,87,175,78,172,84,178,237,68,214,94,208,100,114,122,133,107,113,128,143,78
W. Stockbridge,160,487,216,326,289,232,259,626,594,289,700,176,196,430,171,395,176,420,649,177,641,214,506,235,281,348,407,237,379,268,382,166
Williamstown,962,1758,934,1592,1427,1087,586,3049,2396,1214,2812,797,598,2037,518,2048,500,2175,2634,702,2600,1078,2703,984,836,1541,1779,703,1616,823,1803,615
Windsor,152,241,112,248,191,164,142,411,330,215,385,160,139,233,108,239,137,228,382,131,366,145,347,163,156,164,183,140,158,6,208,97
Acushnet,1323,2517,1128,2534,1619,2060,1417,3881,2972,2395,2310,3050,2074,1603,1546,2198,1802,2065,3682,799,1879,3221,2969,2062,1484,1379,568,2506,890,2193,1800,1264
Attleboro,4623,7613,3580,8199,5173,6606,6533,11905,11729,6761,8942,9480,6939,5317,5094,7086,6331,6350,14497,2340,8539,9758,11683,6506,6830,4980,2159,9881,3162,8826,7177,4759
Berkley,841,1239,590,1412,834,1166,1096,2036,1970,1138,987,2123,1497,886,1242,1071,1324,1056,2633,393,1531,1692,2049,1163,1156,913,393,1711,741,1354,1104,973
Dartmouth,4195,6241,3369,6370,4186,5698,4220,12053,9682,6628,8370,7862,5537,5696,4632,6649,4899,6818,11826,1953,6949,8671,9846,5527,4413,4520,2013,7225,3595,5589,5383,3797
Dighton,834,1450,539,1635,876,1304,1060,2459,2065,1457,1161,2358,1601,1014,1405,1225,1379,1327,2904,435,1552,1980,2212,1314,1292,1000,425,1903,809,1507,1242,1059
Easton,3003,5599,2668,5402,3492,4634,4003,7830,7326,4496,4194,7595,5275,3607,5296,3343,4509,4314,9235,1369,5447,6159,7096,4503,4775,3278,1525,6673,2711,5462,4264,3866
Fairhaven,2045,3588,1803,3499,2361,2978,2238,6006,4970,3265,3975,4158,3194,2822,2249,3522,2701,3313,6372,1040,3647,4209,5138,2666,2435,2537,1157,3956,1751,3290,2968,2063
Fall River,6516,11355,5460,12019,8607,8863,7276,21639,16733,12145,12634,16019,9104,8419,7683,10169,7864,10689,18380,4255,10028,17181,15932,10339,7386,7132,3745,12261,5137,10913,10901,5184
Freetown,1353,1821,933,2108,1305,1761,1475,3220,2930,1799,1944,2779,1960,1385,1561,1848,1734,1772,3624,599,2138,2420,2927,1604,1537,1262,465,2417,970,1883,1478,1357
Mansfield,3263,4737,2490,5099,3364,4220,3838,7410,7125,4103,4962,6231,5093,3564,4178,4115,4206,4419,9658,1325,5646,5978,7299,4270,4886,3166,1463,6697,2595,5551,4357,3743
New Bedford,7679,13709,6706,13381,10005,9908,7972,23734,18935,12934,15095,16615,9652,10502,7430,13292,8989,12487,21619,4984,11613,19343,19251,11279,7641,8743,4417,12582,5376,11571,12145,4930
N. Attleborough,3394,5792,2882,5972,3704,5112,5098,8723,8883,5008,6563,7262,5818,3709,4356,5137,5140,4738,10589,1648,6445,7477,8752,5047,5299,3656,1417,7825,2433,6795,4873,4302
Norton,2464,3475,1754,3906,2388,3277,3029,5750,5691,3070,3582,5131,3946,2702,3361,3089,3330,3299,7395,1024,4282,4594,5745,3096,3743,2183,1053,4969,1543,4475,3322,2690
Raynham,1666,2846,1224,3003,1788,2426,2183,4652,3988,2835,1407,5410,3254,1996,2543,2516,2726,2510,5628,796,2932,3798,3983,2712,2791,1935,783,4027,1297,3508,2485,2288
Rehoboth,1456,2387,1084,2593,1221,2472,2326,3679,3779,2291,2760,3297,2440,1822,2074,2160,2261,2126,4525,826,2950,3121,3905,2118,1900,1814,834,2927,1350,2399,1765,1968
Seekonk,1862,3102,1276,3521,1560,3260,2507,4416,4222,2816,3548,3447,2650,2294,2196,2714,2444,2596,5430,958,3397,3622,4478,2465,1976,2131,731,3448,1495,2688,2309,1850
Somerset,2330,4245,1690,4550,2529,3726,2606,7223,5514,4226,4047,5632,3838,2965,2826,3940,3117,3756,7073,1215,3970,5619,5686,3715,3191,2644,1144,4941,1977,4097,3450,2602
Swansea,1992,3468,1383,3820,1960,3246,2516,5740,4856,3391,3602,4567,3142,2350,2282,3185,2670,3007,6008,1024,3330,4354,4762,2838,2282,2095,700,3766,1484,2960,2421,2034
Taunton,5711,8707,3812,9472,6197,7157,7844,14041,12485,9251,7906,13848,9435,6693,7025,8425,7709,8375,16954,2683,9007,12976,13557,8271,7820,6415,2628,11900,4488,10007,8556,5625
Westport,2134,3472,1602,3729,2087,3262,2304,6051,5079,3254,3971,4258,3110,2954,2682,3324,2760,3498,6412,1152,3889,4244,5162,2896,2861,2370,1465,3888,2129,3166,2831,2451
Aquinnah,106,100,94,107,119,70,152,155,257,41,223,71,93,119,63,138,94,117,258,28,205,84,240,55,90,93,90,106,127,68,120,52
Chilmark,253,293,213,287,244,238,246,462,586,126,583,122,211,341,205,318,209,338,632,53,546,154,558,146,211,273,279,222,379,118,288,159
Edgartown,719,923,520,1002,675,833,952,1326,1711,586,1665,601,925,897,679,1069,854,967,1994,238,1515,922,1686,746,844,783,576,1092,904,750,866,762
Gosnold,27,32,24,26,23,26,25,51,58,15,44,32,28,38,27,35,28,38,69,12,60,24,65,18,17,27,18,27,30,15,25,12
Oak Bluffs,737,1026,570,1057,792,823,988,1513,1888,647,1794,719,977,1068,700,1238,914,1111,2158,274,1646,1010,1855,787,827,887,626,1136,839,900,969,749
Tisbury,689,870,517,914,707,734,904,1412,1842,496,1739,577,832,1119,605,1252,785,1137,1852,206,1598,830,1793,624,748,788,590,1023,928,674,1001,583
W. Tisbury,673,650,547,698,646,589,570,1156,1473,270,1375,344,563,873,487,881,525,895,1668,137,1462,467,1587,349,558,763,665,725,857,516,855,501
Amesbury,3014,2669,1762,3541,2350,2934,2910,5478,5832,2585,4772,3596,3742,2355,2982,2868,2831,3290,6620,858,4567,3686,5709,2500,3252,2475,1147,4712,2047,3766,3248,2539
Andover,6160,6876,4048,8246,4871,7413,6490,11355,11316,6678,10646,7229,7895,6082,6590,6838,6763,7316,14588,2333,9345,8879,11170,7065,7517,5322,3052,10006,6683,6345,6324,6618
Beverly,6957,7665,4717,8987,6050,7673,6644,13520,13431,6788,10972,9112,8546,6835,5686,8976,6668,8794,15763,2543,9944,10287,12690,7460,7906,6468,3652,10913,5770,8698,8034,6384
Boxford,2079,1573,1209,2233,1273,2146,2143,2739,3194,1727,2872,2017,2609,1577,2211,1818,2349,1836,4097,568,2776,2292,3000,2018,2177,1450,745,2917,1717,1934,1516,2106
Danvers,4836,5440,3112,6611,4150,5641,4698,9090,8665,5204,6949,6823,6405,4143,4690,5530,5164,5448,11324,1855,6457,7816,8344,5903,5881,3978,1496,8557,3593,6390,4904,5015
Essex,753,956,528,1011,610,938,805,1380,1529,637,1310,846,1066,685,800,856,858,880,1768,268,1248,876,1418,674,844,745,473,1133,764,842,775,750
Georgetown,1620,1546,961,2052,1275,1754,1707,2961,2993,1698,2460,2181,2292,1309,1796,1666,1955,1663,3820,553,2402,2405,2969,1827,1970,1351,646,2731,1237,2108,1661,1681
Gloucester,4874,6200,3495,7030,4138,6351,4736,10128,10391,4756,8747,6265,6197,4957,5551,5137,5017,6161,11807,1531,8086,6781,9951,4771,5396,5330,3444,7475,4287,6539,6191,4566
Groveland,1364,1344,760,1823,1114,1493,1352,2464,2407,1410,2044,1765,1944,1059,1667,1248,1657,1350,3020,492,1969,1917,2375,1466,1689,1122,401,2439,1047,1782,1377,1440
Hamilton,1593,1839,1114,2132,1386,1849,1574,3052,2916,1734,2840,1778,1800,1745,1480,1857,1523,2030,3453,485,2261,2137,2672,1703,1750,1458,800,2453,1617,1621,1620,1578
Haverhill,8472,8677,5164,10526,7226,9009,9447,16726,17157,9259,14107,12150,11620,7549,8827,9828,10115,9249,20504,3710,12452,14450,16932,9660,10397,7625,2652,15776,5416,12929,10054,8197
Ipswich,2343,3560,1898,3648,2474,3104,2588,5415,5384,2640,4461,3507,3565,2679,3003,3067,2906,3372,6380,963,4494,3673,5212,2801,3074,2853,1506,4570,2753,3267,3062,2946
Lawrence,3539,5454,4225,5975,5998,3971,4842,11923,7865,8633,8691,7703,4452,6983,3681,7597,4194,7291,11872,4313,5241,11905,9927,10475,6233,5074,3464,8408,3761,8341,10104,3420
Lynn,7466,11480,6238,11622,9558,8505,7948,21028,17987,11011,12718,16163,10768,9643,6950,13017,8360,12231,23126,4360,11839,17151,18446,12293,9717,9339,5644,14012,5744,13694,13524,6977
Lynnfield,2197,2786,1437,3228,1872,2774,2733,4121,3848,3040,3376,3467,3525,2017,2874,2476,3071,2492,5593,885,3102,3875,3801,3171,3228,2012,846,4454,2075,3206,2244,3006
Manchester-by-the-Sea,1314,1273,871,1547,964,1443,1254,2094,2286,1091,2126,1229,1408,1276,1273,1302,1212,1486,2690,372,1991,1465,2255,1165,1312,1235,758,1878,1396,1230,1293,1296
Marblehead,4120,5193,3203,5531,3584,5134,4183,7972,8276,3960,7317,4842,5279,4657,4028,5464,4382,5582,9519,1239,7228,5088,8400,3873,4845,4620,2755,6892,4764,4821,5032,4498
Merrimac,1399,1196,778,1699,1052,1437,1238,2292,2358,1185,1951,1575,1606,1057,1350,1220,1334,1334,2782,399,1805,1676,2200,1230,1493,1094,459,2164,895,1716,1380,1215
Methuen,6700,6581,3763,8830,5401,7249,7674,12582,12355,7994,10791,9499,9093,5685,7255,7129,8114,6809,15435,3464,8130,12530,11680,8748,8123,5673,1738,12357,3990,10077,7292,6671
Middleton,1485,1737,975,2154,1167,1964,1616,2670,2683,1608,2001,2277,2249,1172,1501,1773,1980,1463,3599,494,2183,2360,2654,1818,1992,1350,543,2846,1201,2173,1509,1842
Nahant,937,838,606,1071,772,907,753,1491,1554,703,1059,1196,1004,796,734,1038,861,1000,1829,234,1190,1042,1458,767,907,916,477,1371,829,1013,1005,828
Newbury,1529,1591,997,1933,1180,1752,1439,2812,2901,1361,2386,1841,2226,1230,1660,1620,1675,1793,3452,437,2557,1819,3035,1351,1907,1344,759,2578,1494,1819,1625,1658
Newburyport,3859,3842,2446,4855,3151,4084,3406,7273,7261,3483,6600,4050,4892,3587,3684,4425,3556,4921,8850,1031,6390,4266,7496,3073,4377,3584,2201,5927,3866,4219,4542,3470
N. Andover,5247,5063,3325,6467,3830,5928,5820,8880,9300,5464,8190,6495,6897,4147,5396,5222,5878,5162,11869,2090,6839,8020,8865,5903,6321,4036,1756,8736,4171,6287,5026,5356
Peabody,8145,10900,5331,12513,7979,9974,8134,17404,14842,10768,12226,13300,12078,7686,8102,11093,9714,10181,19821,3793,10730,14866,14368,11093,10748,7952,2791,16285,5821,13162,10074,8684
Rockport,1583,2047,1086,2182,1338,1959,1368,3245,3163,1408,3115,1420,1788,1852,1881,1611,1496,2105,3998,454,2650,1953,3166,1412,1753,1827,1192,2440,1750,1857,1979,1351
Rowley,1176,1289,724,1628,946,1422,1260,2134,2223,1192,1717,1678,1760,929,1402,1196,1446,1244,2837,412,1876,1624,2241,1231,1609,1006,446,2231,1060,1602,1302,1343
Salem,6363,6330,4136,7747,5892,6089,5441,13286,12645,6159,10327,8361,6766,6284,4687,8118,5326,8007,14100,2386,9666,9454,12465,6571,6310,6398,4044,9074,4919,8121,8286,4735
Salisbury,1334,1377,820,1732,1123,1430,1430,2686,2779,1364,2083,2036,1965,1121,1563,1453,1650,1448,3321,467,2241,1913,2794,1317,1662,1280,462,2535,904,2069,1529,1435
Saugus,3660,6073,2695,6388,3924,5215,4258,8944,7903,5251,5859,7272,6488,3487,4631,5138,5389,4820,10862,1805,5727,7568,7559,5642,5641,4121,1143,8803,3191,6729,5250,4572
Swampscott,2782,3216,2017,3568,2526,3107,2538,5462,5449,2574,4110,3854,3596,3100,2508,3890,2843,3880,6281,888,4301,3701,5359,2562,3249,3175,1555,5009,2692,3841,3547,2910
Topsfield,1588,1374,896,1904,1001,1802,1467,2209,2340,1348,1970,1698,1876,1276,1428,1621,1630,1546,3111,464,1992,1909,2291,1571,1811,1226,726,2386,1460,1642,1457,1615
Wenham,796,937,532,1102,652,994,794,1490,1393,903,1367,909,1000,826,745,983,794,1035,1727,274,1216,1095,1345,957,905,731,458,1218,838,816,783,854
W. Newbury,1084,924,675,1212,774,1104,964,1762,1811,917,1579,1132,1255,956,1143,953,1087,1127,2248,293,1547,1167,1802,898,1236,867,527,1612,991,1138,1088,1024
Ashfield,450,411,400,387,502,282,149,972,841,266,830,271,242,615,212,606,191,672,954,114,802,288,876,219,318,520,479,367,526,321,568,246
Bernardston,285,413,262,380,315,334,188,987,745,427,746,415,326,518,255,556,236,604,809,145,637,484,710,401,374,390,257,534,300,486,450,322
Buckland,324,409,302,402,398,292,115,916,728,318,726,311,219,501,175,544,152,595,774,124,636,375,636,375,270,435,347,383,376,352,489,239
Charlemont,234,248,195,266,261,196,129,551,477,206,447,231,144,325,144,308,137,336,534,65,387,231,446,173,176,254,175,262,169,263,289,142
Colrain,266,348,249,310,319,244,177,756,634,296,588,324,210,419,205,399,198,431,703,126,540,323,617,247,269,314,235,358,268,324,370,191
Conway,433,504,383,482,544,333,178,1071,961,277,869,354,311,663,287,628,254,721,1061,136,879,352,956,274,375,565,507,438,521,427,613,288
Deerfield,974,1259,808,1311,1098,1021,464,2574,2016,1014,2222,798,753,1295,679,1400,572,1609,2342,352,1752,1188,2000,927,969,1209,906,1325,1098,1116,1430,781
Erving,236,269,167,328,240,256,128,657,496,294,478,303,198,289,125,347,136,353,581,108,385,367,519,229,276,224,139,376,146,363,312,194
Gill,260,378,247,362,339,271,153,753,600,310,613,284,240,372,191,394,172,447,659,124,555,307,609,249,282,337,222,419,264,374,401,241
Greenfield,2502,3551,2239,3584,3358,2459,1254,6918,5786,2603,6043,2274,1897,3761,1544,4124,1437,4427,5895,1002,4932,3067,5762,2308,2227,2755,2086,3161,2260,3011,3666,1580
Hawley,66,61,47,69,65,52,38,133,126,49,113,60,56,77,46,82,48,86,160,30,119,75,143,48,68,76,55,90,71,74,90,47
Heath,158,169,134,164,198,102,76,365,305,131,294,138,109,208,114,196,103,216,357,57,245,181,290,131,121,183,144,161,180,124,193,101
Leverett,367,545,449,412,600,267,110,1129,991,243,975,239,192,796,208,730,153,833,1051,126,945,260,994,218,291,617,640,281,649,260,648,187
Leyden,149,198,122,200,195,128,73,397,316,151,334,129,111,237,89,233,83,263,362,67,316,130,314,133,154,199,166,204,182,185,222,120
Monroe,20,21,9,29,20,19,24,35,37,22,32,27,29,12,17,23,21,20,38,13,26,24,32,19,18,16,11,24,4,30,18,12
Montague,1293,1797,1091,1779,1625,1288,714,3605,2943,1369,2955,1333,1082,1908,825,2040,778,2212,3349,595,2483,1627,2947,1154,1352,1611,1113,1882,1220,1757,1931,903
New Salem,195,270,149,275,226,207,112,500,430,178,409,190,181,279,155,285,155,306,482,87,385,199,408,177,246,204,200,257,233,220,274,151
Northfield,535,699,453,710,617,549,293,1406,1093,604,1147,531,408,793,356,810,356,846,1156,200,937,659,1066,520,576,550,452,703,521,625,698,443
Orange,921,1273,610,1392,944,1048,860,2451,2224,1109,1889,1413,1206,1220,879,1526,579,1208,2421,467,1627,1497,1964,1132,1334,916,584,1721,682,1599,1250,1017
Rowe,75,110,71,95,92,79,50,207,158,100,169,85,74,100,61,101,74,101,195,33,144,87,150,81,72,76,58,92,64,85,87,51
Shelburne,346,468,340,447,431,338,191,987,859,322,847,330,228,543,205,599,163,661,853,135,773,326,823,274,313,443,391,381,428,344,504,263
Shutesbury,421,523,482,413,628,268,152,1064,1027,195,979,219,186,718,223,640,140,762,1094,92,981,242,1037,186,285,576,544,332,562,305,652,144
Sunderland,623,637,502,721,784,451,257,1597,1381,477,1388,459,401,847,557,697,279,1028,1482,191,1151,680,1324,496,519,668,528,694,592,630,827,374
Warwick,144,171,118,166,159,126,79,368,298,142,273,160,128,212,120,202,104,234,360,63,278,161,311,123,161,186,138,213,135,217,183,135
Wendell,138,271,216,158,284,95,71,487,486,75,441,111,110,309,119,283,105,316,469,53,436,107,468,78,190,219,267,146,262,146,320,72
Whately,322,459,282,438,404,319,175,809,663,319,668,306,311,464,260,477,250,517,804,102,597,341,660,271,385,349,291,451,348,391,436,240
Agawam,4081,5838,2751,6865,4339,5187,3794,10369,8577,5654,9709,4442,5853,4611,3981,6116,4988,5628,10676,1782,6088,7801,8225,5592,5480,4457,1511,8682,4046,6163,5463,4620
Blandford,268,205,179,265,221,221,224,473,437,254,443,242,298,222,211,282,256,261,538,102,355,298,427,223,299,205,118,391,202,309,234,219
Brimfield,669,776,446,913,607,762,618,1404,1335,674,1234,763,897,692,669,839,789,793,1641,310,975,1040,1256,741,824,599,272,1159,615,815,636,699
Chester,234,225,136,278,201,223,203,500,461,243,431,270,273,219,211,257,231,261,546,96,343,313,398,257,283,179,95,368,181,278,234,203
Chicopee,6531,8761,4246,10495,7131,7428,5643,16976,14003,8867,15399,7372,8079,7131,5895,9329,7047,8640,16391,3104,8801,13537,13143,9082,8174,6914,2582,13211,5499,10288,9591,6090
E. Longmeadow,2431,3364,1699,3861,2449,3094,2437,6012,4961,3503,5777,2665,3225,2834,2417,3432,2874,3244,6448,1034,3584,4728,4774,3458,3475,2707,963,5326,2546,3747,3153,3059
Granville,269,327,178,390,260,293,266,595,572,287,577,276,383,308,302,358,353,331,706,137,455,400,550,294,413,263,164,517,304,371,289,340
Hampden,915,1271,617,1417,874,1168,865,2081,1743,1174,2030,877,1027,1133,892,1235,1138,1098,2331,376,1248,1556,1649,1076,1282,897,422,1762,907,1287,1002,1023
Holland,418,390,284,533,387,417,491,812,944,382,811,500,557,346,405,509,519,420,998,168,658,608,840,435,493,375,200,689,311,581,485,399
Holyoke,3860,5830,3196,6252,5174,4272,2957,11688,9088,5478,10127,4316,4159,5688,3148,6392,3417,6511,10935,2669,5679,8984,9587,6185,4806,4751,3072,6891,3920,6111,7007,3271
Longmeadow,3053,3775,2147,4457,2767,3748,2688,6721,6134,3341,6894,2503,3102,4024,2430,4377,2748,4460,7114,1068,4666,4507,5642,3536,3614,3457,1658,5597,3973,3310,3600,3540
Ludlow,3030,3597,1830,4424,2882,3391,2640,6950,5801,3837,6201,3347,3651,2991,2679,3821,3279,3533,6852,1262,3602,5640,5136,3985,3597,2806,1000,5536,2175,4366,3448,3023
Monson,1112,1804,848,1900,1227,1496,1189,3217,2950,1430,2851,1509,1652,1423,1185,1752,1426,1649,3053,408,2121,2054,2754,1427,1654,1262,610,2336,1225,1710,1531,1387
Montgomery,172,186,111,231,146,195,146,364,344,166,348,160,234,168,193,189,212,191,417,66,275,222,327,169,253,135,73,317,149,240,168,198
Palmer,1795,2327,1107,2788,1696,2192,1488,4341,3633,2160,3611,2107,2204,1934,1588,2359,1906,2246,4222,614,2315,3116,3274,2150,2225,1804,785,3296,1639,2445,2310,1738
Russell,251,296,157,344,249,259,197,614,527,281,524,274,328,250,243,310,310,269,651,106,406,382,502,260,337,215,111,443,201,352,297,209
Southwick,1396,1761,902,2060,1272,1656,1591,3192,3038,1766,3204,1562,1933,1496,1425,1849,1814,1622,3835,594,2262,2460,2816,1881,2038,1441,602,2938,1331,2195,1749,1750
Springfield,13308,16825,10233,19386,17133,12046,12259,37128,31305,15999,32266,14413,12320,16839,9964,18884,11532,18415,38050,9865,16944,32095,32978,20908,14773,15187,8272,24428,12019,21139,23879,9673
Tolland,80,78,99,77,50,107,112,162,177,95,168,105,125,81,82,117,112,94,229,36,152,117,178,90,118,80,53,144,70,125,80,100
Wales,331,312,197,441,260,381,317,685,741,269,586,419,379,312,254,419,384,318,730,96,511,391,622,281,371,294,143,530,259,407,403,264
W. Springfield,3290,4665,2260,5551,3641,4123,3120,8778,7298,4735,8254,3670,4459,3936,3128,4977,3796,4698,8354,1458,4516,6532,6142,4611,4703,3450,1366,6988,3924,4460,4665,3626
Westfield,4853,6482,3295,7391,5115,5585,4293,12972,10636,6674,11878,5325,6625,5588,4956,6837,5862,6472,13298,2159,7718,9609,10236,7017,7575,4648,2358,10232,4501,8022,6781,5598
Wilbraham,3023,3182,1802,4123,2361,3544,2522,5808,4950,3438,5838,2517,3395,2795,2540,3537,3092,3274,6241,973,3333,4519,4362,3465,3338,2416,1173,4859,2343,3688,2807,3163
Amherst,3467,4447,3605,3749,5218,2211,1281,11178,10357,2230,9557,2789,1385,6354,1619,5792,989,6808,12410,1336,10823,4083,12391,2540,2209,5277,5399,2393,4950,2780,6332,1321
Belchertown,2493,2366,1732,2873,2467,2153,1661,5957,5086,2525,5284,2225,2493,2860,1916,3182,2064,3297,5818,716,3950,3530,4919,2488,2603,2516,1569,3653,2022,3177,3110,2062
Chesterfield,192,281,171,271,236,209,164,568,537,190,505,216,209,318,163,341,205,319,593,96,468,240,530,172,266,273,239,303,276,264,313,200
Cummington,187,194,163,182,219,125,87,450,405,126,395,137,122,292,107,290,109,307,457,50,373,147,401,116,173,236,236,182,245,173,290,103
Easthampton,2492,3570,2063,3859,3138,2746,1622,7174,6155,2631,6414,2319,2516,3640,1922,4043,2088,4093,7152,936,4977,3829,6128,2629,2914,3146,2271,3930,2784,3382,4259,1883
Goshen,175,255,161,239,225,179,121,482,412,195,439,167,181,282,133,308,158,306,518,62,376,226,410,188,190,251,184,263,202,241,260,156
Granby,1128,1399,768,1619,1140,1237,870,2658,2204,1319,2383,1097,1494,1510,1038,1760,1307,1659,2373,317,1681,1768,2114,1281,1319,1123,582,1939,958,1558,1355,1125
Hadley,811,1451,776,1302,1089,998,534,2486,2000,1024,2172,830,860,1355,658,1443,619,1601,2416,356,1711,1269,1988,983,841,1309,924,1261,1116,1051,1408,744
Hatfield,734,895,519,1060,745,825,409,1679,1333,770,1448,636,632,866,470,974,516,997,1586,237,1134,869,1323,675,649,787,527,944,694,772,900,553
Huntington,357,376,243,466,365,341,279,857,775,358,719,401,464,368,320,488,383,450,931,126,569,516,721,370,458,392,231,622,326,523,504,341
Middlefield,105,106,76,121,111,86,69,229,213,83,203,91,93,143,77,153,77,159,235,46,198,93,209,82,104,112,90,127,91,121,139,68
Northampton,4831,6499,5177,5749,7226,3701,2044,13790,12556,3409,12510,3266,2859,8713,2534,8658,2356,9378,11995,1640,11123,4074,12381,2844,3508,7469,7140,4364,7307,4156,9203,2202
Pelham,294,388,321,329,427,232,83,799,709,172,682,181,152,556,163,500,94,610,715,87,635,224,689,169,194,456,450,218,400,259,521,137
Plainfield,114,152,131,131,159,95,69,323,298,93,297,88,98,204,79,210,87,212,327,43,267,110,295,79,125,194,190,130,215,106,214,74
S. Hadley,3061,3294,2048,4000,3043,2960,4246,4698,5578,3375,6296,2613,2924,3418,2103,4005,2410,3984,6703,1001,4244,4383,5411,3103,2980,3193,1743,4590,2641,3672,3648,2601
Southampton,952,1468,706,1581,1015,1256,846,2534,2114,1276,2367,991,1318,1248,1017,1453,1146,1430,2784,404,1829,1615,2213,1210,1445,1199,670,2012,1128,1556,1477,1188
Ware,1681,1417,922,2022,1376,1555,1112,3255,2840,1530,2737,1617,1741,1255,1464,1423,1484,1503,3143,516,1930,2212,2563,1515,1655,1304,566,2418,980,1997,1665,1316
Westhampton,341,530,299,508,410,394,234,868,739,357,771,314,373,471,268,543,307,543,886,113,657,383,725,314,392,422,309,512,403,413,504,276
Williamsburg,560,651,502,620,691,436,264,1413,1302,372,1233,418,373,852,300,870,307,922,1268,141,1144,437,1261,320,454,768,695,542,760,479,897,335
Worthington,279,287,251,286,330,210,148,606,543,205,517,228,224,355,199,365,196,382,597,89,491,219,510,195,254,324,286,300,325,263,357,198
Acton,4048,4211,2848,4932,3604,4110,3345,8020,7774,3623,7555,3768,3878,5199,4247,4501,3191,5995,9462,1244,6985,4710,7602,4051,4060,4402,3581,5048,4593,3994,5504,3046
Arlington,9505,9745,6808,11519,9326,8929,5446,19369,17310,7594,15437,9121,7383,12445,6871,12073,5980,14020,19862,2475,14545,10699,17084,7998,7440,11454,8612,10735,10609,8553,13604,5543
Ashby,638,677,434,783,586,639,647,1212,1227,621,960,879,842,568,605,752,733,682,1498,238,934,864,1188,568,733,551,254,1039,419,862,655,527
Ashland,2793,3091,2083,3502,2542,3038,2600,5756,5778,2608,4918,3409,3499,2940,2713,3462,2851,3618,6767,1015,4424,3890,5255,3063,3322,2261,1165,4483,1949,3669,3300,2274
Ayer,1168,1112,747,1472,1044,1164,1232,2069,2308,1009,1925,1372,1503,1010,1061,1386,1275,1256,2854,447,1745,1787,2318,1196,1125,1311,472,1990,805,1643,1406,1035
Bedford,2585,2875,1816,3275,2232,2815,2220,5041,4758,2506,4429,2722,2831,2965,2515,3073,2353,3462,6010,849,4180,3244,4631,2719,2866,2648,1674,3902,2863,2658,3222,2271
Belmont,5057,5400,3500,6434,4638,5192,3710,9708,8960,4478,8476,4822,4358,6559,4375,6087,3767,7209,10812,1582,7775,5898,9046,4627,4222,5719,4553,5623,5711,4406,6515,3522
Billerica,5733,7374,3728,8792,5295,7251,6991,12226,12714,6590,9616,9603,9998,4809,8231,6324,8401,6521,15509,2621,8988,10686,11831,7619,8400,5527,1458,12678,4180,9873,7337,6653
Boxborough,1011,1040,687,1227,876,1048,971,1818,68,1802,92,1853,1154,1109,1179,1003,946,1322,2297,371,1672,1198,1812,1043,1082,966,705,1374,1120,947,1167,888
Burlington,3694,5616,2688,6105,4222,4672,4176,8276,7693,4895,6719,5750,5615,3660,4468,4475,4800,4510,10118,1761,5504,7392,7263,5603,5436,3549,1403,7817,3422,5733,4765,4323
Cambridge,17260,12638,13704,14324,18240,9712,8366,36212,35533,9169,30338,13389,7539,25265,6427,24970,6221,26701,36971,4798,31962,14930,37237,9761,8287,22390,19518,11718,19099,11973,25554,5562
Carlisle,1444,1140,940,1496,1060,1336,1119,2098,2252,952,2189,969,1183,1483,1503,1071,1062,1581,2755,366,2098,1176,2210,1041,1139,1340,1104,1403,1520,970,1271,1049
Chelmsford,6787,7325,4942,8607,5452,8079,6823,12394,12114,7109,10592,8496,8800,6048,8705,5773,7137,7809,15140,2404,8887,10134,10921,7993,8041,5824,2308,11713,5328,8597,7219,6636
Concord,3829,4240,2667,4822,3442,4019,2744,7531,7132,3165,7071,3088,3220,5297,3124,5062,2760,5811,8352,1280,6600,4044,7080,3559,3217,4724,4153,3981,5141,2917,4946,3039
Dracut,4731,5066,2832,6502,3856,5554,5225,9257,8969,5592,7435,7064,7221,3651,5496,5174,5951,4995,11301,2120,6143,8371,8132,6334,6146,4154,954,9492,2531,7870,5078,5272
Dunstable,739,596,459,799,494,761,764,1069,1285,562,995,838,805,606,786,570,732,682,1481,226,1030,816,1181,667,829,538,251,1133,522,858,650,715
Everett,3323,5017,2383,5242,4086,3655,3717,8282,7483,4578,5804,6199,4619,3688,3323,4896,4092,4455,7688,1944,4542,7360,6480,5225,4326,4231,1522,7435,2235,6867,5572,3269
Framingham,8127,10767,6465,11288,8228,9536,8076,18247,18070,8314,16261,9988,9312,10276,8253,10774,7812,11907,21156,3385,13216,13082,17162,9409,9558,8670,4592,14033,6782,11688,11573,6858
Groton,2164,2167,1463,2635,1767,2313,2221,3694,4127,1837,3612,2266,2585,2097,2542,2084,2145,2646,4785,640,3428,2546,4061,1959,2430,1817,1289,3064,1852,2493,2348,1927
Holliston,2689,3582,2196,3751,2547,3347,2742,5412,5625,2553,4995,3136,3579,2961,2936,3344,2890,3676,6815,849,4057,4025,5230,2872,3413,2581,1450,4634,2905,3133,3383,2594
Hopkinton,2701,3051,1944,3472,2269,3148,3223,5044,5405,2862,5026,3205,3606,2772,2855,3230,3134,3255,7053,989,4464,3964,5308,3136,3674,2476,1298,4916,2898,3291,3224,2889
Hudson,3302,3490,2072,4163,2744,3500,3252,6365,6498,3018,5532,3911,4543,2981,3085,4149,3627,3864,8017,1375,4774,4965,6069,3551,4051,2903,1278,5745,2173,4828,3809,3093
Lexington,6619,6918,4596,8101,6175,6418,4271,13152,11868,5575,11317,5897,4664,9514,4245,9352,4213,10047,13732,1825,10865,6711,11494,6035,4950,7729,6026,6919,7843,5040,8520,4236
Lincoln,1479,1124,1073,1373,1194,1213,893,2493,2515,902,2396,986,894,1872,934,1722,815,1994,2861,376,2382,1239,2495,1102,1004,1678,1608,1127,1840,866,1806,897
Littleton,1864,1920,1201,2369,1633,1957,1655,3474,3376,1753,3048,2035,2339,1801,1899,2083,1867,2298,4238,620,2903,2391,3384,1878,2202,1808,1115,2936,1690,2344,2224,1778
Lowell,9191,10249,6178,12015,9003,9452,10187,19689,19373,10523,15925,13791,12151,9133,9007,11710,9997,11397,23019,4751,12540,17057,19128,13685,10130,9177,3852,15965,6477,13226,13155,7563
Malden,5333,7572,4065,8002,6656,5578,5871,13710,12642,6805,10162,9211,7015,6791,5199,8467,5957,8228,15579,2979,8438,10865,11716,7452,6668,6374,3304,10331,5133,8539,8837,4669
Marlborough,5226,5880,3600,6931,4653,5864,5556,10360,9897,6032,9434,6432,6996,5048,5004,6680,5742,6401,12667,2144,7782,8175,9897,5910,6800,4518,1999,9454,3734,7655,6518,4845
Maynard,1742,2479,1433,2556,1857,2128,1624,3907,3876,1691,3345,2184,2364,2081,1754,2535,1859,2609,4520,681,3051,2578,3828,1759,2112,2049,1322,2935,1643,2568,2641,1550
Medford,7690,10440,5770,10635,8956,8055,8772,17187,17139,8876,14075,11742,9596,9535,6844,11900,8012,11460,19351,3357,12733,13557,16852,9146,8631,9877,5390,13582,9075,9832,12298,6234
Melrose,5089,6345,3419,7231,5109,5640,4251,10779,9670,5317,7945,6926,6311,5490,4475,6975,4990,7015,12353,1700,7327,7608,9344,5404,5919,5523,3204,8417,5168,6415,7065,4427
Natick,5865,7315,4329,8055,5713,6625,5282,12116,12046,5503,10855,6546,6717,6836,5280,7738,5575,8136,14744,2089,9864,8475,11815,6378,6699,6602,3719,9775,5645,7768,8178,5168
Newton,15876,15926,11644,17615,14852,14370,10458,32858,31421,11953,28064,14723,11364,22289,9908,22655,10416,23616,33266,4104,26849,15893,30520,12159,12524,18813,14624,17519,17618,14303,21386,10117
N. Reading,2823,3164,1731,3972,2300,3375,2584,5749,5040,3269,4293,3970,3994,2445,3374,2935,3034,3541,7146,1009,3799,4742,4941,3519,3664,2440,984,5244,2152,4047,2897,3267
Pepperell,2285,2050,1388,2744,1760,2371,2443,3764,4356,1899,3431,2767,3005,1765,2684,1966,2573,2234,5174,796,3273,3068,4028,2307,2595,1875,855,3692,1463,3046,2336,2151
Reading,3646,6220,2713,6536,3677,5518,3941,9622,8444,5098,7350,6128,6136,4609,5159,5284,4841,6066,11835,1600,6660,7380,8230,5785,5955,4593,2939,7743,4621,6016,5564,5033
Sherborn,1057,1087,810,1196,781,1206,1004,1638,1832,834,1811,835,1089,1172,1096,1077,988,1276,2122,250,1587,1027,1659,933,943,1025,871,1134,1108,878,1045,927
Shirley,1212,1040,725,1401,956,1175,1231,1843,2058,882,1578,1354,1442,957,1085,1180,1239,1138,2536,420,1577,1478,1979,995,1308,931,394,1858,691,1552,1143,984
Somerville,10762,9639,8454,11124,12226,7186,6359,24759,24475,7070,20327,10751,7014,14261,5341,15805,5670,16465,27061,4505,21453,11971,26013,7390,6848,14403,11988,10073,12427,9509,17833,4183
Stoneham,3400,5353,2541,5625,3690,4571,3854,8077,7316,4577,6035,5796,5490,3434,4506,4312,4603,4568,10006,1535,5250,6763,7004,4976,5095,3814,1320,7754,3212,5835,4820,4133
Stow,1461,1498,292,1073,313,1166,1431,2529,2726,1247,2545,1391,1766,1564,1605,1615,1482,1871,3348,501,2358,1748,2668,1430,1665,1484,1082,2114,1480,1688,1755,1406
Sudbury,3640,3878,2594,4469,2861,4134,3241,6903,6985,3172,6954,3131,3772,4416,4073,3853,3199,5029,8332,1104,6077,4262,6703,3587,3700,3665,2542,4946,3739,3700,4125,3282
Tewksbury,4830,6335,3196,7509,4443,6309,5694,9690,9648,5835,7514,7898,7644,3772,6004,5102,6353,5118,12641,2016,7055,8634,9016,6651,6785,4377,1030,10283,3436,7834,5621,5578
Townsend,1469,1770,929,2148,1300,1792,1931,3051,3289,1710,2672,2285,2358,1181,1879,1587,1991,1568,3954,585,2478,2294,3085,1683,2022,1209,472,2820,1049,2221,1638,1603
Tyngsborough,2232,1809,1215,2616,1507,2310,2666,3381,3757,2299,3139,2878,2910,1694,2250,2202,2398,2214,4923,821,2909,3166,3678,2398,2618,1809,527,3947,1262,3175,2195,2223
Wakefield,4169,6618,3105,6990,4323,5787,4322,9623,8337,5567,7163,6612,6704,4162,5194,5502,5523,5621,11595,1730,6158,7759,7534,6326,6041,4425,1797,8855,3838,6779,5513,5041
Waltham,6688,8267,5810,8533,6933,7551,6862,16493,15818,7629,13558,9744,8717,8144,7276,9080,7098,9922,17993,3012,11345,12361,15095,8220,8252,7721,4537,11749,6282,9901,9914,6159
Watertown,5282,6052,4240,6309,5633,4860,4245,11461,10904,4765,9700,5842,4738,6798,3613,7565,4077,7617,12721,1666,8831,7088,10895,4927,5155,6120,4489,6948,5656,5738,7943,3424
Wayland,2778,3297,1933,3668,2543,3099,2316,5701,5577,2435,5338,2595,2546,3675,2372,3564,2288,3995,6350,839,4948,3059,5199,2778,2603,3103,2364,3440,3020,2731,3399,2326
Westford,4850,4187,2849,5719,3325,5228,4642,7718,7964,4445,7418,4914,5508,4117,4809,4523,4544,5122,10275,1599,6451,6168,7548,5071,5412,3687,1781,7457,4022,5148,4790,4348
Weston,2590,2302,1752,2865,1758,2738,2370,3949,4245,2093,4186,2112,2481,2164,2057,2876,2246,2915,5108,810,3930,2507,4044,2374,2159,2423,1775,2877,2644,1998,2252,2354
Wilmington,3522,4972,2363,5665,3295,4776,3809,7971,7306,4519,5938,5829,5797,3234,4617,4108,4828,4273,8109,2692,5572,6563,6983,4989,5346,3431,954,8003,2768,6137,4605,4242
Winchester,4669,5079,3499,5574,3831,5259,3979,8209,7827,4327,7265,4763,4797,4944,4073,5412,4188,5738,10453,1341,6588,5835,7605,4766,4664,4792,3183,6467,5051,4566,5051,4493
Woburn,5241,8529,3785,9083,5692,7230,6244,12399,11647,6942,9213,9212,8781,4829,7486,5907,7249,6582,15363,2392,7945,10489,10705,7525,7663,5568,2020,11637,4471,9106,7037,6470
Nantucket,1450,2190,1350,2009,1871,1505,2507,3258,4523,1351,4160,1698,2576,2065,1978,2385,2313,2344,4616,685,3804,2029,4356,1439,1783,1740,1308,2337,1742,1862,1912,1688
Avon,690,1028,496,1122,775,865,749,1567,1437,870,800,1493,1068,698,789,923,889,879,1674,300,991,1345,1363,954,880,713,261,1403,414,1243,932,715
Bellingham,2624,3069,1755,3674,2374,3060,3019,5232,5602,2604,4475,3694,3968,2274,3139,2854,3240,2965,3246,4389,2524,4343,3298,3866,3180,2326,609,4963,1317,4225,3121,2413
Braintree,5077,8785,4090,8895,5779,7284,5848,12325,10687,7422,7383,10568,8763,5886,6689,7339,6938,7657,14817,2194,7860,10920,10689,8023,8285,5596,2273,11766,4645,9324,7685,6169
Brookline,10498,8949,7871,10276,10050,7960,5777,21134,20603,6441,18548,8028,4848,14596,4312,14693,4464,15367,21756,2863,18187,9020,20590,6727,5927,12003,10108,8209,10927,7300,13573,4586
Canton,3445,5264,2522,5614,3461,4663,3764,8031,7050,4734,5204,6528,5183,4005,5020,3900,4316,4851,9098,1290,5689,6391,7173,4835,4787,3620,1559,7103,3043,5563,4514,4031
Cohasset,1401,2108,1107,2026,1231,1903,1845,2683,2986,1572,2602,1886,2065,1525,1940,1525,1798,1815,3771,540,2378,2372,2994,1733,1930,1546,1108,2448,1838,1686,1709,1785
Dedham,3945,5423,2702,5968,3881,4880,3937,8318,7684,4545,6014,6085,5522,4480,4474,5096,4676,5309,9882,1502,6056,6968,7827,5101,5176,4290,2132,7554,3595,6016,5580,4014
Dover,1284,1368,856,1613,857,1573,1509,1848,2178,1203,2178,1176,1440,1271,1582,1171,1441,1402,2759,394,1928,1548,2027,1438,1444,1160,954,1716,1498,1159,1182,1460
Foxborough,2564,4198,2167,4259,2710,3706,3174,5822,5495,3470,4214,4720,4308,2815,3424,3446,3783,3339,7360,1038,4455,5064,5721,3756,3969,2864,1210,5791,2515,4461,3626,3292
Franklin,4906,6327,3627,7017,4625,6010,5604,10898,10785,5741,8902,7525,7354,4805,5461,6487,6112,6507,13586,1903,7969,8919,10430,6320,6784,5052,1843,10305,3898,8197,6350,5575
Holbrook,1246,2690,1157,2594,1832,1930,1754,3526,3371,1895,1944,3293,2378,1542,1721,2068,1979,1933,4197,669,2178,3070,3188,2029,2361,1814,688,3562,1177,3055,2486,1707
Medfield,2223,3172,1771,3364,2124,2978,2501,4556,4503,2583,4039,3003,3066,2496,2939,2596,2568,3156,5738,798,3443,3693,4063,3081,2986,2279,1424,4017,2415,2993,2684,2696
Medway,2069,3042,1634,3233,2102,2781,2499,4423,4733,2202,3761,3152,3264,2118,2464,2819,2695,2777,5883,792,3400,3704,4538,2535,3016,2080,872,4312,1753,3391,2805,2306
Millis,1300,2102,1147,2162,1509,1813,1598,2908,3013,1512,2393,2100,2177,1447,1636,1929,1806,1874,3575,523,2360,2288,2940,1671,1904,1462,720,2777,1142,2346,1882,1586
Milton,4931,7112,3751,7410,5007,6232,4384,10643,9426,5554,6987,7865,5705,6546,4605,7123,4833,7382,11239,1674,6675,8652,9104,6171,5988,5322,3597,7950,5156,6319,6822,4584
Needham,6501,6890,4326,8326,5593,6978,4698,12106,11117,5764,10164,6532,5390,7943,4703,8551,4775,9075,12766,1669,8799,7688,10103,6313,6101,6724,4957,8215,6566,6526,7757,5267
Norfolk,1952,1972,1271,2463,1486,2221,2121,3156,3452,1838,2812,2446,2585,1639,2005,2153,2281,2064,4578,567,2791,2804,3518,2058,2582,1576,864,3360,1556,2659,2034,2142
Norwood,3929,6718,3020,6999,4424,5630,4282,9705,8661,5262,6696,7177,6457,4508,5053,5477,5343,5615,10820,1486,5943,8276,7894,6238,5940,4300,1902,8520,3498,6885,5735,4575
Plainville,1209,1721,967,1848,1245,1562,1592,2551,2776,1404,1898,2276,1866,1100,1518,1535,1671,1468,3362,482,2130,2223,2699,1611,1905,1319,492,2850,671,2688,1743,1590
Quincy,10275,16377,8487,17298,12485,13230,11865,25991,24134,14077,17622,20466,15195,13459,11806,16836,13126,16491,30110,4641,17194,20202,23964,15376,13692,11288,6233,19475,9255,16402,16858,9944
Randolph,3879,5663,2906,5958,4726,4246,4319,9585,8830,4998,5910,7829,4613,5177,3893,5653,4068,5718,10181,1939,5094,8879,8045,5755,4549,4307,1793,7145,2565,6337,5910,3001
Sharon,3479,4193,2703,4504,3218,3971,3040,6861,6968,2923,5456,4357,3216,4588,3326,4115,2906,4889,8353,890,6085,4059,7247,2928,3415,3419,2229,4793,2780,4191,4242,2680
Stoughton,3730,5933,2702,6263,4141,4804,4167,9069,8447,4706,5295,7810,5477,4513,5486,4264,4817,5156,10431,1678,5818,7577,8054,5278,5098,3880,1661,7576,2569,6635,5259,3881
Walpole,3975,5930,2950,6346,3850,5493,4451,8910,8362,5090,6345,6993,6434,3888,5877,4499,5459,5270,10889,1501,6108,7615,7513,6172,6075,4269,1883,8810,3790,6817,5313,5158
Wellesley,5959,5088,3634,6589,4163,6080,4587,9384,8963,5082,9392,4495,4574,6441,4254,6487,4226,7184,10958,1767,8107,6182,8749,5538,4809,5760,4428,6467,6192,4677,6005,4790
Westwood,2722,3716,1910,4090,2410,3609,2909,5511,5070,3303,4477,3815,3816,3157,3000,3603,3276,3680,6672,967,4177,4534,5003,3639,3688,2969,1587,5155,3074,3642,3353,3317
Weymouth,7174,12825,5833,13136,8948,10131,8567,18810,17043,10394,11427,15934,12757,7947,9768,10637,10343,10705,21847,3381,11912,15276,16044,11058,11515,8056,3221,16828,6410,13515,11562,8259
Wrentham,1806,2543,1379,2888,1717,2505,2331,3713,4033,2050,3120,2937,2759,1691,2267,2219,2450,2215,4958,713,2973,3227,3821,2328,2622,1828,707,3869,1514,3044,2320,2208
Abington,1996,3769,1833,3657,2629,2907,2661,5300,5034,2942,2928,5024,3894,2225,3080,2958,3142,3049,6627,927,3625,4396,4888,3136,3792,1995,782,5060,2135,3689,3222,2569
Bridgewater,3316,4774,2317,5310,3362,4227,3989,7884,7007,4832,3660,8146,5354,3556,4536,4126,4404,4468,9193,1339,5260,6388,7047,4523,4788,3280,1529,6670,2528,5641,4358,3769
Brockton,7919,12524,6549,12681,10339,9129,10114,21488,19790,11642,11361,19889,11068,9961,8336,12128,9714,11201,22192,4826,11372,19975,18009,13046,10323,9021,4221,15613,5358,14478,13789,6237
Carver,1492,2781,1251,2839,1963,2161,2193,3701,3801,2177,2496,3463,2816,1455,2066,2258,2472,2006,4800,632,2774,3174,3629,2320,2410,1518,658,3381,1321,2705,2129,1889
Duxbury,2642,4302,2224,4375,2522,4022,3686,5563,5916,3371,5309,3919,4492,2924,3862,3327,3851,3619,7521,1020,4529,4862,5666,3734,4124,2704,1834,5107,3407,3479,3320,3542
E. Bridgewater,1738,3132,1476,3165,2053,2602,2475,4627,4382,2724,2265,4775,3320,1908,2482,2576,2773,2439,5759,846,3342,3804,4384,2762,3104,1754,606,4314,1210,3691,2620,2249
Halifax,1149,1754,843,1960,1201,1590,1467,2540,2634,1409,1577,2429,1948,1075,1609,1381,1716,1352,3204,458,1837,2128,2409,1544,1728,1105,416,2464,921,1936,1460,1385
Hanover,2464,3555,1759,3946,2405,3352,2788,5211,4820,3233,3450,4538,3993,2367,3482,2756,3349,3081,6578,1008,3371,4719,4557,3511,3869,2212,1027,5161,2267,3879,2972,3105
Hanson,1537,2421,1185,2621,1735,2074,1737,3597,3405,2006,2067,3307,2693,1496,2115,2056,2277,2055,4281,634,2507,2983,3306,2192,2727,1222,696,3412,1264,2837,2172,1905
Hingham,3837,5904,3005,6349,3748,5579,4703,8458,8110,5152,7324,5822,5800,4964,5067,5459,5041,5947,10946,1594,6625,7178,8155,5537,5398,4562,3164,7082,5174,5009,5238,4811
Hull,1589,2770,1364,2761,1899,2228,2209,3601,4212,1663,2917,2896,2488,2023,1847,2504,2048,2505,4777,639,3202,2685,4102,1769,2461,1724,1312,2951,1569,2637,2366,1814
Kingston,1670,3272,1548,3085,2038,2597,2383,4213,4163,2467,3240,3361,3312,1970,2682,2511,2815,2554,5544,695,3197,3619,4093,2671,2987,1890,976,3999,1923,3017,2514,2417
Lakeville,1462,2232,1031,2493,1455,2070,2084,3486,3460,2167,2080,3524,2796,1626,2299,2110,2473,2020,4604,684,2719,2970,3462,2228,2524,1511,639,3498,1682,2448,1963,2147
Marion,1006,1333,827,1389,910,1320,1100,1954,2027,1024,1662,1333,1356,1085,1487,878,1209,1226,2467,371,1694,1423,1976,1135,1232,1011,598,1677,1102,1156,1128,1117
Marshfield,4211,6255,3255,6670,4427,5541,5037,9145,9274,5113,6984,7334,7190,4090,6883,4381,6093,5455,11975,1662,6870,7862,9069,5627,6854,3972,1986,9034,4264,6708,5547,5332
Mattapoisett,1262,1821,1021,1989,1172,1838,1162,2681,2460,1493,2013,1898,1687,1344,1420,1646,1440,1712,3048,453,1966,1895,2440,1413,1497,1317,645,2292,1313,1606,1410,1486
Middleborough,2853,4297,2158,4639,3065,3706,4068,6928,7099,3900,3939,6992,5536,3102,4574,3722,4699,3913,8713,1296,5327,5738,6929,4143,4710,3210,1345,6628,2677,5281,4228,3709
Norwell,2086,2658,1425,3015,1793,2671,2241,3937,3829,2405,3222,2965,2979,2027,3372,1637,2650,2474,5112,712,2988,3320,3771,2554,2854,1802,1000,3764,2050,2670,2227,2464
Pembroke,2479,4426,2037,4522,2848,3695,3437,5941,6005,3456,4197,5182,4786,2465,3879,3304,4066,3319,7860,1082,4509,5054,5924,3645,4708,2375,1048,6149,2357,4816,3729,3417
Plymouth,7726,12945,6500,13269,8778,10966,9840,18660,18837,9861,14350,14248,13074,8377,9927,11351,11076,11000,23994,3198,14178,15422,18644,10952,12395,8628,4186,17218,7644,13675,11296,9912
Plympton,471,860,385,832,486,748,665,1037,1090,600,794,889,857,530,738,615,755,632,1427,218,907,803,1101,593,753,519,288,993,520,754,654,560
Rochester,857,1288,688,1393,820,1278,1075,1957,1905,1179,1429,1620,1446,916,1246,1065,1261,1120,2413,392,1497,1515,1848,1151,1386,749,426,1796,877,1333,1069,1138
Rockland,2323,4042,1805,4418,2713,3464,2875,5596,5310,3222,3418,5027,4027,2365,3076,3315,3441,3115,6999,1056,3770,4797,5178,3386,3660,2271,1679,4390,1656,4382,3390,2599
Scituate,3138,5144,2663,5115,3371,4442,4029,6781,7061,3931,5714,5229,5279,3482,5453,3253,4288,4582,8868,1135,5310,5837,6830,4289,5020,3140,2290,6234,3654,4806,4252,4157
Wareham,2702,4428,2294,4451,3295,3484,3723,6793,7144,3335,4758,5679,4826,2914,3739,3760,4012,3771,8182,1253,5054,5566,6526,4059,3691,3257,1531,5536,2132,4922,3818,3226
W. Bridgewater,940,1866,761,1890,1205,1485,1395,2497,2344,1546,1176,2715,1916,1029,1473,1376,1667,1257,3013,432,1822,2036,2279,1577,1645,1092,507,2306,807,1993,1421,1350
Whitman,1854,3074,1390,3326,2201,2534,2341,4803,4518,2632,2462,4677,3463,1878,2837,2433,2719,2683,5998,880,3222,4090,4473,2833,3332,1754,696,4464,1363,3780,2858,2265
Boston,70694,70831,58503,77754,83512,52984,49857,167931,153127,63391,119769,93875,51451,98622,36831,110399,42996,109472,177356,30066,109479,113706,164968,73011,60295,80093,59794,89215,66576,82266,115255,39852
Chelsea,2006,2523,1838,2556,2703,1706,2222,5400,4641,2889,3945,3353,1838,2634,1440,3173,1625,3097,5451,1421,2867,4273,4595,2983,2066,2093,1511,3136,1891,2829,3577,1266
Revere,4573,6468,3329,6591,5114,4964,5263,10599,9604,6106,6929,8812,6144,4478,4487,6256,5597,5596,12356,2795,6526,9334,9303,6772,5103,4774,2013,9119,4858,6344,7105,4143
Winthrop,2644,3693,1874,3944,2800,3162,2720,6157,5780,3091,4295,4519,3645,2768,2551,3570,3045,3353,7035,1096,4113,4394,5465,2935,3405,2741,1292,5119,2927,3470,3641,2688
Ashburnham,1066,1183,760,1380,1094,1059,1155,2192,2254,1105,1726,1608,1491,994,1108,1278,1210,1289,2605,364,1626,1497,2069,1057,1195,960,382,1795,655,1506,1125,1029
Athol,1245,1847,927,2090,1389,1635,1274,3384,3211,1490,2631,2055,1798,1567,1248,2024,1502,1894,3634,708,2253,2370,2817,1789,2066,1205,682,2650,851,2456,1772,1513
Auburn,2594,3612,1881,4012,2621,3313,2654,6125,5685,3125,4775,3996,3982,2595,2488,3866,3253,3363,6826,1048,3845,4699,5146,3367,3730,2431,781,5491,1726,4517,3092,3121
Barre,910,990,584,1206,808,995,782,1843,1797,857,1375,1265,1194,811,744,1205,965,1049,2053,325,1328,1340,1714,932,1145,745,401,1540,566,1352,966,946
Berlin,689,575,370,799,485,675,630,1009,1077,554,919,708,799,605,743,647,714,693,1496,206,951,819,1133,623,806,578,356,1030,573,813,695,628
Blackstone,1347,1498,802,1933,1070,1694,1440,2690,2757,1371,1984,2112,1941,1199,1615,1427,1620,1514,3284,575,1953,2251,2721,1468,1501,1250,307,2496,684,2105,1445,1351
Bolton,1191,958,725,1319,836,1202,1131,1693,1918,937,1794,1026,1261,1051,1320,949,1145,1186,2420,366,1693,1336,1908,1125,1277,957,697,1584,1153,1104,1187,1064
Boylston,933,1005,605,1244,750,1107,1025,1588,1787,834,1516,1093,1318,837,942,1138,942,1138,2139,334,1362,1260,1635,985,1323,709,377,1685,766,1285,976,1061
Brookfield,556,639,385,738,499,633,590,1146,1175,564,921,810,794,475,578,669,703,583,1345,205,858,828,1032,642,790,419,265,975,402,826,621,605
Charlton,2031,2191,1336,2725,1792,2286,2345,3985,4244,2151,3404,2947,2935,1767,1980,2574,2546,2176,5420,766,3061,3486,4040,2490,2836,1600,753,3751,1357,3119,2009,2391
Clinton,1936,2326,1404,2650,1997,2069,2203,4096,4019,2276,3324,2937,2847,1802,1831,2660,2341,2312,5009,918,2707,3552,3972,2285,2602,1721,852,3507,1319,3036,2532,1810
Douglas,1315,1316,836,1678,995,1530,1809,2394,2847,1352,2240,1943,2191,1029,1510,1571,1933,1278,3644,491,2189,2233,2898,1531,1814,1166,421,2593,848,2157,1435,1573
Dudley,1467,1857,944,2249,1353,1850,1850,3114,3283,1699,2676,2287,2325,1294,1546,2026,2020,1679,3860,670,2132,2876,3056,1893,2075,1385,545,2956,985,2501,1732,1757
E. Brookfield,359,445,243,527,354,421,412,738,728,437,604,559,604,298,415,468,508,399,884,145,491,645,649,478,580,274,102,761,245,615,400,456
Fitchburg,4042,5562,3059,5936,4851,4344,4286,9443,8412,5611,7532,6374,5875,3842,3653,5808,4493,5356,10983,1948,5735,8002,8556,5530,4624,3686,1357,7421,2357,6371,4770,3941
Gardner,2281,3467,1790,3754,2812,2722,2361,5843,5251,3022,4485,3754,3511,2476,2415,3440,2792,3298,6244,1064,3322,4639,4779,3142,2930,2554,803,4810,1426,4167,3051,2509
Grafton,2777,3347,1943,3857,2547,3287,3270,5603,5683,3179,4978,3842,4133,2452,2989,3358,3412,3147,7532,1075,4562,4759,5554,3763,3815,2521,1081,5328,2100,4280,3301,3058
Hardwick,531,488,353,605,435,527,383,997,959,419,828,538,543,442,449,499,474,518,1009,130,691,608,832,467,565,397,237,771,328,679,543,453
Harvard,1437,1172,1006,1603,1115,1434,1183,2186,2482,916,2143,1205,1294,1470,1570,1177,1186,1641,2896,360,2229,1284,2392,1114,1251,1287,1136,1520,1524,1125,1492,1117
Holden,3228,4420,2369,5084,3136,4321,3258,7066,6575,3771,5946,4330,5085,3378,3532,4681,3914,4621,8170,1318,4726,5568,6299,3970,4925,2854,1314,6627,2811,5086,3897,3945
Hopedale,1044,1359,746,1493,953,1315,1125,2179,2181,1116,1857,1436,1506,1005,1148,1268,1239,1268,2594,396,1514,1691,2027,1177,1358,946,344,1993,737,1595,1243,1081
Hubbardston,750,1028,604,1215,799,1028,977,1548,1697,828,1317,1199,1295,717,928,1042,1080,950,2003,266,1248,1253,1616,884,1138,698,312,1559,583,1274,912,945
Lancaster,1145,1422,822,1636,1090,1362,1366,2241,2324,1303,2092,1506,1641,1237,1317,1486,1474,1424,3020,423,1650,1972,2198,1427,1674,1113,587,2231,1173,1628,1454,1335
Leicester,1521,2287,1117,2494,1602,2046,1818,3548,3588,1811,2688,2679,2671,1432,1814,2244,2237,1949,4238,716,2365,3057,3297,2096,2466,1414,777,3220,1210,2758,1887,2063
Leominster,5191,7492,3804,8008,6043,5969,5713,11959,10788,7043,9571,8187,8171,4745,5222,7305,6393,6672,13793,2451,7588,10336,10512,7302,6939,5048,1714,10654,3740,8530,6328,5786
Lunenburg,1772,2068,1191,2441,1648,2013,1980,3668,3546,2117,3016,2625,2746,1669,2245,2032,2235,2211,4712,732,2819,2945,3630,2120,2499,1653,733,3483,1346,2840,2056,2111
Mendon,997,1373,721,1526,930,1312,1275,1934,2073,1138,1839,1332,1596,911,1378,1036,1268,1236,2652,360,1713,1665,2116,1235,1487,876,379,2087,771,1684,1188,1250
Milford,3458,4539,2454,4869,3427,3994,4201,7712,7685,4157,6508,5299,5354,3262,4044,4239,4441,4161,9370,1618,5484,6969,7520,4830,5008,3714,1271,7623,2881,5977,4934,3818
Millbury,2076,2369,1354,2814,1972,2227,2123,4284,4178,2216,3329,3039,3164,1716,2017,2703,2424,2465,5199,854,3020,3590,4039,2542,2762,1848,682,3978,1313,3327,2187,2428
Millville,448,495,276,531,340,475,616,903,1004,501,738,748,709,412,522,534,617,504,1304,190,742,787,994,505,548,465,117,912,257,769,460,457
New Braintree,213,204,147,223,173,201,177,369,387,159,273,272,248,197,181,229,224,212,433,87,291,258,343,196,281,155,93,343,148,285,193,215
N. Brookfield,814,901,532,1099,699,937,813,1549,1567,797,1277,1071,1179,680,735,1056,1009,858,1827,327,1046,1287,1447,885,1106,623,320,1445,466,1285,852,874
Northborough,2509,3339,1853,3687,2336,3252,2876,5107,5387,2646,4818,3181,3636,2826,2576,3706,3078,3448,6651,986,4068,4088,4977,3166,3725,2369,1251,4961,2356,3821,3224,2932
Northbridge,2134,2965,1438,3347,2008,2770,2835,4617,4515,2919,4042,3369,3407,1949,2385,2743,2926,2374,6004,949,3153,4332,4457,3000,3210,2016,854,4584,1723,3698,2591,2772
Oakham,380,425,237,516,317,439,407,715,783,334,561,551,597,338,413,492,485,443,935,149,561,568,727,389,548,284,176,658,272,557,376,400
Oxford,2014,2534,1420,2911,1977,2377,2148,4202,4330,2075,3349,3018,2959,1757,1920,2661,2584,2179,5083,724,2753,3642,4034,2346,2750,1620,624,3838,1115,3333,2226,2199
Paxton,813,1058,614,1239,770,1098,860,1618,1545,944,1453,1030,1192,734,879,1036,1027,973,1924,349,1192,1311,1508,995,1217,596,318,1555,632,1234,832,1026
Petersham,283,348,205,367,279,296,213,598,558,250,507,298,338,351,293,363,298,389,662,105,450,354,537,252,335,293,223,413,304,327,316,267
Phillipston,301,371,222,415,341,315,294,668,624,333,490,462,443,271,310,377,367,344,802,105,493,446,608,316,436,246,127,555,230,448,321,310
Princeton,889,739,582,1017,657,934,777,1403,1486,716,1312,871,1055,766,798,978,894,964,1793,231,1277,982,1504,762,1012,699,478,1269,738,1004,841,892
Royalston,237,227,152,273,219,210,181,506,502,182,371,304,255,267,220,278,239,280,552,90,405,255,453,205,274,251,145,384,179,352,265,231
Rutland,1272,1616,914,1919,1167,1667,1421,2729,2647,1529,2222,1929,2161,1236,1474,1824,1744,1671,3559,555,2029,2360,2779,1610,2095,1104,431,2806,886,2326,1605,1598
Shrewsbury,5611,6877,3846,7992,4950,6891,5946,11424,11141,6277,10409,6942,7534,5931,5331,7686,6441,7242,14130,2284,7993,9482,10286,7170,7515,5519,2412,10912,4636,8607,6856,6302
Southborough,1996,2251,1430,2608,1557,2483,2205,3437,3771,1879,3558,2056,2419,2036,2126,2194,2168,2310,4771,604,3123,2567,3577,2101,2415,1732,1056,3134,1814,2362,2072,2070
Southbridge,2116,2672,1672,3009,2253,2379,2123,4281,4281,2210,3767,2694,2316,1890,1599,2546,1948,2347,4730,1123,2199,4041,3833,2658,1967,1602,692,3023,981,2737,2189,1620
Spencer,1581,2289,1188,2492,1639,2060,1963,3552,3749,1816,2886,2639,2668,1400,1720,2216,2212,1882,4228,785,2350,3075,3326,2075,2522,1360,561,3402,1069,2860,1837,2064
Sterling,1472,1747,1019,2046,1191,1871,1818,2830,2974,1676,2615,2020,2393,1383,1738,1904,2010,1769,3784,595,2284,2408,2877,1813,2283,1308,635,2989,1390,2222,1644,1941
Sturbridge,1700,1894,1153,2343,1429,2058,1757,3360,3345,1803,3039,2081,2274,1535,1546,2179,1952,1914,4162,657,2373,2802,3169,1992,2236,1340,788,2835,1347,2263,1751,1844
Sutton,1717,1941,1196,2238,1390,2086,1850,3263,3340,1767,2740,2331,2834,1393,1971,2101,2418,1813,4113,698,2500,2716,3217,2003,2532,1309,588,3281,1257,2590,1711,2134
Templeton,1073,1529,724,1793,1189,1350,1068,2627,2269,1433,1899,1789,1745,1066,1268,1498,1406,1430,2905,465,1575,2133,2192,1504,1561,1090,357,2357,700,1999,1340,1331
Upton,1268,1594,953,1762,1141,1557,1571,2521,2791,1300,2459,1599,2020,1205,1535,1546,1693,1525,3347,486,2225,1937,2683,1474,1827,1066,538,2392,1021,1883,1445,1464
Uxbridge,2013,2854,1403,3187,1997,2646,2733,4287,4515,2476,3898,3051,3382,1839,2430,2563,2911,2296,5682,884,3146,3851,4329,2659,2894,1944,693,4230,1530,3365,2490,2396
Warren,766,779,476,979,654,805,643,1602,1503,738,1353,883,856,761,613,934,791,826,1723,313,1042,1166,1383,817,972,560,294,1270,525,1024,887,657
Webster,1837,2364,1306,2690,1812,2216,2466,4035,4365,2130,3567,2926,2991,1751,1941,2665,2597,2213,5099,901,2738,3790,3968,2515,2516,1743,673,3711,1204,3171,2197,2162
W. Boylston,1343,1613,919,1884,1216,1597,1338,2602,2516,1444,2245,1685,1906,1277,1575,1533,1579,1625,3214,495,1783,2284,2397,1674,1826,1242,575,2561,1022,2093,1499,1609
W. Brookfield,689,742,451,922,627,757,565,1400,1307,664,1088,885,865,627,599,858,717,795,1504,230,965,955,1183,731,838,559,266,1156,495,921,696,712
Westborough,2786,3614,2208,3894,2450,3587,3177,5628,5932,2888,5582,3201,3419,3153,2631,3771,2940,3735,7136,1024,4533,4275,5369,3347,3638,2542,1676,4644,2736,3555,3394,2879
Westminster,1284,1818,927,2033,1362,1618,1452,2791,2610,1637,2246,1977,2120,1174,1735,1458,1707,1591,3353,570,1952,2188,2550,1581,1775,1253,395,2665,935,2094,1424,1601
Winchendon,1317,1482,959,1876,1422,1396,1336,2884,2870,1371,2319,1885,1761,1191,1243,1631,1554,1421,3175,597,1860,2167,2309,1708,1462,1236,386,2347,666,2049,1420,1290
Worcester,15541,22288,12758,22682,18743,17285,16705,41039,38453,19038,32817,24218,19850,20481,13913,25342,16666,24057,43997,8231,23066,32508,36623,22545,19459,15724,8868,28011,11699,25118,23973,14154
