"District","X2014_STATE_MEAS_86_YES","X2014_STATE_MEAS_86_NO","X2014_STATE_MEAS_87_YES","X2014_STATE_MEAS_87_NO","X2014_STATE_MEAS_88_YES","X2014_STATE_MEAS_88_NO","X2014_STATE_MEAS_89_YES","X2014_STATE_MEAS_89_NO","X2014_STATE_MEAS_90_YES","X2014_STATE_MEAS_90_NO","X2014_STATE_MEAS_91_YES","X2014_STATE_MEAS_91_NO","X2014_STATE_MEAS_92_YES","X2014_STATE_MEAS_92_NO","X2014_CITY_MEAS_26_159_YES","X2014_CITY_MEAS_26_159_NO","X2014_METRO_MEAS_26_160_YES","X2014_METRO_MEAS_26_160_NO","X2014_CITY_MEAS_26_156_YES","X2014_CITY_MEAS_26_156_NO","X2013_CITY_MEAS_26_150_YES","X2013_CITY_MEAS_26_150_NO","X2013_CITY_MEAS_26_151_YES","X2013_CITY_MEAS_26_151_NO","X2013_METRO_MEAS_26_152_YES","X2013_METRO_MEAS_26_152_NO","X2012_STATE_MEAS_77_YES","X2012_STATE_MEAS_77_NO","X2012_STATE_MEAS_78_YES","X2012_STATE_MEAS_78_NO","X2012_STATE_MEAS_79_YES","X2012_STATE_MEAS_79_NO","X2012_STATE_MEAS_80_YES","X2012_STATE_MEAS_80_NO","X2012_STATE_MEAS_81_YES","X2012_STATE_MEAS_81_NO","X2012_STATE_MEAS_82_YES","X2012_STATE_MEAS_82_NO","X2012_STATE_MEAS_83_YES","X2012_STATE_MEAS_83_NO","X2012_STATE_MEAS_84_YES","X2012_STATE_MEAS_84_NO","X2012_STATE_MEAS_85_YES","X2012_STATE_MEAS_85_NO","X2012_COUNTY_MEAS_26_143_YES","X2012_COUNTY_MEAS_26_143_NO","X2012_CITY_MEAS_26_145_YES","X2012_CITY_MEAS_26_145_NO","X2012_CITY_MEAS_26_146_YES","X2012_CITY_MEAS_26_146_NO","X2012_MEAS_26_125_YES","X2012_MEAS_26_125_NO","X2012_CITY_MEAS_26_126_YES","X2012_CITY_MEAS_26_126_NO","X2012_CITY_MEAS_26_127_YES","X2012_CITY_MEAS_26_127_NO","X2012_CITY_MEAS_26_128_YES","X2012_CITY_MEAS_26_128_NO","X2012_CITY_MEAS_26_129_YES","X2012_CITY_MEAS_26_129_NO","X2012_CITY_MEAS_26_130_YES","X2012_CITY_MEAS_26_130_NO","X2012_CITY_MEAS_26_131_YES","X2012_CITY_MEAS_26_131_NO","X2012_CITY_MEAS_26_132_YES","X2012_CITY_MEAS_26_132_NO","X2012_CITY_MEAS_26_133_YES","X2012_CITY_MEAS_26_133_NO","X2012_CITY_MEAS_26_134_YES","X2012_CITY_MEAS_26_134_NO","X2016_MEAS_26_174_YES","X2016_MEAS_26_174_NO","X2016_MEAS_26_173_YES","X2016_MEAS_26_173_NO","X2016_MEAS_94_YES","X2016_MEAS_94_NO","X2016_MEAS_95_YES","X2016_MEAS_95_NO","X2016_MEAS_96_YES","X2016_MEAS_96_NO","X2016_MEAS_97_YES","X2016_MEAS_97_NO","X2016_MEAS_98_YES","X2016_MEAS_98_NO","X2016_MEAS_99_YES","X2016_MEAS_99_NO","X2016_MEAS_100_YES","X2016_MEAS_100_NO","X2016_MEAS_26_181_YES","X2016_MEAS_26_181_NO","X2016_MEAS_26_182_YES","X2016_MEAS_26_182_NO","X2016_MEAS_26_183_YES","X2016_MEAS_26_183_NO","X2016_MEAS_26_184_YES","X2016_MEAS_26_184_NO","X2016_MEAS_26_185_YES","X2016_MEAS_26_185_NO","X2016_MEAS_26_179_YES","X2016_MEAS_26_179_NO","X2016_MEAS_26_180_YES","X2016_MEAS_26_180_NO","X2016_MEAS_26_178_YES","X2016_MEAS_26_178_NO","X2017_CITY_MEAS_26_189_YES","X2017_CITY_MEAS_26_189_NO","X2017_CITY_MEAS_26_194_YES","X2017_CITY_MEAS_26_194_NO","X2018_STATE_MEAS_101_YES","X2018_STATE_MEAS_101_NO","X2018_MEAS_26_197_YES","X2018_MEAS_26_197_NO","X2018_STATE_MEAS_102_YES","X2018_STATE_MEAS_102_NO","X2018_STATE_MEAS_103_YES","X2018_STATE_MEAS_103_NO","X2019_STATE_MEAS_104_YES","X2018_STATE_MEAS_104_NO","X2018_STATE_MEAS_105_YES","X2018_STATE_MEAS_105_NO","X2018_STATE_MEAS_106_YES","X2018_STATE_MEAS_106_NO","X2019_CITY_MEAS_26_200_YES","X2018_CITY_MEAS_26_200_NO","X2018_CITY_MEAS_26_201_YES","X2018_CITY_MEAS_26_201_NO","X2018_METRO_MEAS_26_199_YES","X2018_METRO_MEAS_26_199_NO","X2019_METRO_MEAS_26_203_YES","X2019_METRO_MEAS_26_203_NO","X2019_CITY_MEAS_26_204_YES","X2019_CITY_MEAS_26_204_NO","X2019_CITY_MEAS_26_205_YES","X2019_CITY_MEAS_26_205_NO","X2020_CITY_MEAS_26_209_YES","X2020_CITY_MEAS_26_209_NO","X2020_METRO_MEAS_26_210_YES","X2020_METRO_MEAS_26_210_NO","X2020_STATE_MEAS_107_YES","X2020_STATE_MEAS_107_NO","X2020_STATE_MEAS_108_YES","X2020_STATE_MEAS_108_NO","X2020_STATE_MEAS_109_YES","X2020_STATE_MEAS_109_NO","X2020_STATE_MEAS_110_YES","X2020_STATE_MEAS_110_NO","X2020_COUNTY_MEAS_26_211_YES","X2020_COUNTY_MEAS_26_211_NO","X2020_COUNTY_MEAS_26_214_YES","X2020_COUNTY_MEAS_26_214_NO","X2020_CITY_MEAS_26_213_YES","X2020_CITY_MEAS_26_213_NO","X2020_CITY_MEAS_26_217_YES","X2020_CITY_MEAS_26_217_NO","X2020_CITY_MEAS_26_219_YES","X2020_CITY_MEAS_26_219_NO","X2020_METRO_MEAS_26_218_YES","X2020_METRO_MEAS_26_218_NO","X2021_MEAS_26_221_YES","X2021_MEAS_26_221_NO"
"2701",242,220,345,114,289,195,347,111,234,227,313,174,269,220,314,159,329,92,73,174,235,97,227,124,184,153,363,145,441,71,230,286,272,270,170,338,110,437,108,437,276,263,330,196,267,247,396,82,283,258,258,53,243,23,216,50,241,30,242,34,235,40,213,47,248,20,234,22,250,19,278,148,237,193,272,272,459,80,379,173,213,362,358,188,368,194,456,87,191,308,322,170,207,300,426,83,283,138,276,257,458,64,332,176,268,32,199,113,244,92,177,63,376,173,113,444,120,417,91,457,81,474,416,104,242,301,306,236,188,125,277,37,262,52,353,102,208,244,524,94,561,70,376,245,444,179,312,306,268,354,310,314,435,185,226,372,211,405,175,76
"3101",395,460,579,270,440,457,643,220,356,514,619,291,552,349,494,379,593,191,145,233,364,239,277,345,293,322,650,362,838,171,501,515,608,472,396,620,247,820,261,800,467,576,684,374,474,551,756,216,544,514,334,132,381,44,337,92,375,63,350,85,338,97,347,82,388,37,368,45,378,49,411,290,283,419,544,598,885,233,864,278,566,626,721,418,790,369,918,224,373,664,537,461,261,776,903,138,592,293,503,610,917,251,594,341,444,94,305,252,400,193,292,146,675,443,319,801,323,781,257,865,207,921,892,194,563,546,544,564,304,239,439,100,439,101,552,244,364,429,1177,185,1129,264,959,424,964,410,646,721,613,754,622,744,984,392,477,829,582,776,266,152
"3301",2098,972,2299,270,2325,919,2839,357,1274,1863,2673,615,2239,1029,2633,526,2120,616,213,1253,1741,332,1206,916,1525,535,2675,705,2970,397,1082,2239,2516,1098,1244,2088,552,2987,586,2955,836,2651,2881,606,2499,940,2479,544,2436,1148,1604,142,1291,148,1173,265,1288,196,1270,237,1266,251,1176,273,1316,123,1221,169,1280,155,4129,1125,3425,1866,4485,4326,7146,1503,7275,1665,5266,3961,6380,2492,6715,2242,7826,972,3019,4860,4777,2917,2498,5420,7345,727,5219,1468,5598,3041,7555,1477,6504,1068,3278,283,2620,977,4298,654,3097,398,7681,1971,2159,7595,1759,7749,1100,8664,749,9037,8359,1046,6018,3568,7079,2432,3765,857,4350,273,4162,424,6145,1071,4502,2724,11447,995,10988,1705,9724,2784,10349,2189,8371,3966,8248,4229,8655,3717,10669,1792,6108,5468,6090,6179,3032,524
"3303",1067,1288,271,170,1229,1254,1831,578,990,1391,1529,966,1366,1134,1505,914,1683,478,374,658,991,508,989,567,744,761,2067,903,2547,414,1582,1386,1422,1669,1066,1831,789,2285,803,2252,1433,1619,1914,1102,1321,1626,2151,566,1649,1419,1017,322,1077,86,930,220,1011,164,983,203,972,221,952,226,1073,88,994,122,1049,99,1045,749,814,1000,1327,1837,2540,598,2382,793,1459,1831,2093,1085,2104,1081,2542,583,1002,1895,1598,1202,891,1968,2517,413,1652,811,1446,1662,2759,453,1822,862,1243,179,869,591,1095,501,789,321,1920,1106,938,2117,827,2159,652,2400,498,2554,2440,502,1439,1562,1554,1438,913,606,1301,220,1251,264,1627,592,941,1277,3233,457,3286,494,2185,1502,2506,1197,1711,1983,1496,2216,1679,2027,2704,995,1237,2278,1445,2241,705,348
"3501",348,314,441,207,332,353,504,156,223,435,464,223,395,294,409,262,451,141,114,188,276,163,213,239,215,225,519,236,623,137,362,387,434,364,258,492,195,594,199,591,274,503,509,264,407,345,546,160,406,380,296,81,284,49,263,71,280,59,273,70,254,85,266,73,282,40,270,52,282,42,335,210,235,316,377,467,648,166,711,129,398,491,571,287,616,245,688,153,246,518,377,365,199,580,654,108,441,233,379,438,655,165,541,240,324,53,199,196,348,130,254,96,520,311,264,580,218,613,184,661,169,670,677,138,436,394,440,386,306,178,388,97,391,94,411,193,312,300,839,139,783,219,672,314,681,303,473,507,541,445,446,537,720,260,287,639,391,586,232,80
"3502",1922,1600,2426,1046,2048,1628,2813,778,1247,2280,2568,1174,2302,1425,2395,1215,2560,662,565,1220,1788,734,1124,1479,1427,1103,2854,1064,3272,631,1736,2215,2370,1749,1318,2585,773,3327,825,3280,1282,2774,2839,1197,2131,1842,2837,839,2217,1898,1728,381,1611,197,1506,336,1598,272,1627,271,1546,352,1500,362,1656,166,1545,216,1665,174,2014,977,1378,1634,2186,2052,3299,879,3496,821,2322,2144,2984,1327,3255,1114,3561,702,1455,2398,2229,1549,1000,2896,3531,430,2343,956,2202,1972,3402,825,2955,1125,1767,264,1192,925,2003,650,1439,407,2927,1375,1093,3265,905,3357,723,3623,643,3716,3558,631,2412,1871,2439,1816,1481,815,2015,283,1906,388,2423,871,1912,1380,4234,597,3948,955,3387,1449,3539,1301,2578,2257,2774,2065,2619,2219,3698,1118,1796,2839,2064,2747,1294,344
"3602",1662,651,1650,586,1692,729,2150,250,904,1431,2126,360,1691,771,2055,299,1462,521,136,688,1208,164,724,705,1108,253,2439,662,2713,383,1044,1995,2639,765,1315,1788,705,2579,728,2536,788,2417,2771,442,2481,625,2087,660,2468,814,1074,65,804,128,748,207,834,150,822,175,815,190,755,194,832,101,758,142,810,122,2348,606,1907,1080,2569,2344,3886,923,4109,901,3147,2033,3734,1235,3891,1131,4345,586,1653,2729,2598,1631,1331,3068,4063,409,2890,842,3275,1499,3941,928,4031,621,1640,162,1282,553,2168,361,1558,279,3932,880,1038,3816,849,3897,525,4356,336,4562,4196,511,3139,1656,3617,1139,1704,456,2030,126,1916,218,2939,506,2262,1187,5159,453,4702,981,4447,1195,4744,907,3946,1629,3911,1705,4038,1536,4843,763,2856,2378,2871,2668,1292,217
"3603",1353,554,1190,644,1121,837,1621,307,786,1090,1698,321,1310,683,1620,704,1094,559,182,438,860,140,465,565,777,215,1333,596,1410,490,806,1042,1599,501,856,1068,646,1364,673,1326,570,1376,1569,398,1517,413,1137,625,1495,517,639,37,490,97,400,187,491,112,460,146,444,179,411,182,511,71,469,92,475,104,3159,823,2518,1525,3152,3396,5162,1256,5586,1111,4224,2698,4954,1678,5270,1444,5609,978,2204,3718,3198,2537,1679,4274,5355,685,3841,1237,4608,1885,5010,1427,5312,849,2129,270,1570,849,2778,528,2042,346,5079,1314,1742,4716,1312,5023,927,5535,677,5804,5450,816,4108,2276,4762,1583,2159,593,2517,241,2411,327,3626,785,2945,1465,6934,751,6036,1778,6101,1630,6338,1427,5233,2427,5362,2313,5476,2192,6437,1241,3780,3428,4169,3431,1726,326
"3605",1476,875,1652,630,1564,861,2031,373,1082,1259,1872,627,1554,945,1768,867,1439,558,279,758,1039,333,815,598,860,521,1478,490,1704,257,847,1113,1199,922,683,1270,413,1669,420,1655,853,1199,1369,677,1090,906,1496,310,1224,868,962,205,872,126,808,182,865,151,844,178,822,202,819,176,893,101,820,128,879,109,1048,475,833,700,1152,960,1731,331,1603,512,1028,1173,1419,699,1484,662,1718,355,733,1156,1152,711,664,1232,1648,290,1123,492,1114,935,1749,315,1450,533,939,108,743,327,865,339,698,243,1442,642,497,1610,447,1617,375,1737,234,1879,1617,405,1027,1055,1257,810,685,396,934,146,888,188,1278,342,763,859,2050,334,2066,367,1571,822,1787,619,1284,1100,1216,1188,1320,1068,1859,534,943,1319,955,1425,574,199
"3606",2123,1340,2555,882,2330,1274,2930,608,1403,2103,2690,989,2347,1328,2717,429,2532,651,436,1599,2045,575,1405,1289,1666,940,2939,927,3392,481,1430,2435,2435,1677,1382,2479,687,3406,713,3369,1211,2826,2930,1082,2402,1549,2907,688,2319,1765,2109,320,1833,211,1697,363,1804,306,1822,307,1768,366,1717,349,1887,153,1748,221,1848,199,855,256,640,489,825,692,1196,303,1243,292,989,603,1125,418,1218,341,1350,174,556,835,820,540,351,1048,1300,115,887,303,895,591,1215,276,1210,240,648,79,464,288,777,156,604,103,1179,412,340,1263,251,1330,174,1428,157,1448,1366,183,987,576,1052,527,661,210,791,75,753,112,1047,232,859,422,1669,163,1536,311,1381,448,1450,375,1179,649,1195,638,1206,616,1529,295,813,921,815,988,544,110
"3607",1147,688,1364,452,1269,638,1571,320,812,1031,1410,519,1167,760,1452,616,1273,402,225,740,1009,265,795,529,836,433,1579,450,1790,257,775,1228,1302,898,779,1244,360,1795,375,1766,685,1430,1587,526,1352,710,1506,361,1349,823,986,143,862,93,799,152,863,130,873,133,844,152,819,140,879,63,816,96,890,77,2717,882,2156,1502,2803,2205,4082,853,3872,1199,2988,2278,3567,1510,3831,1285,4349,669,1895,2626,2868,1557,1462,3111,4163,492,2943,949,2897,2069,4198,748,3784,985,2259,197,1742,817,2527,676,1928,391,3691,1347,997,4095,897,4105,656,4433,497,4617,4284,646,2934,2063,3274,1715,2054,763,2518,279,2400,376,3166,770,2294,1633,5150,557,4951,853,4077,1653,4429,1294,3478,2196,3381,2317,3577,2096,4663,1033,2402,2940,2502,3133,1658,394
"3608",1681,1071,1961,724,1766,1080,2314,483,1177,1577,2115,782,1698,1193,2171,71,1843,593,323,1065,1479,352,1128,750,1177,646,2314,746,2695,363,1203,1808,1949,1301,1089,1894,719,2462,744,2423,1026,2116,2242,877,1885,1153,2134,625,1876,1285,1252,190,1148,123,1070,212,1130,167,1126,175,1077,217,1044,217,1153,92,1081,130,1140,107,1836,592,1379,1088,1841,2035,3067,746,3179,752,2250,1814,2819,1099,2864,1072,3298,544,1312,2180,2008,1404,1068,2468,3228,375,2238,801,2354,1450,3079,701,2962,660,1430,163,1082,522,1853,436,1455,255,3160,1052,1087,3191,854,3313,664,3590,487,3796,3578,547,2535,1637,2898,1277,1425,529,1790,166,1671,266,2428,519,1813,1133,4565,412,4365,700,3673,1313,4056,945,3166,1744,3152,1814,3300,1640,4099,847,2155,2471,2415,2476,1329,212
"3609",211,202,296,108,238,180,320,90,194,215,275,152,217,205,165,823,293,74,35,96,137,47,108,82,158,123,341,116,412,45,212,258,226,262,139,318,72,413,82,405,206,273,323,161,254,216,205,45,152,135,245,40,141,20,131,28,130,28,125,36,127,34,129,29,143,16,133,19,141,20,231,110,113,109,237,220,374,71,340,113,203,272,319,138,339,129,382,72,159,255,262,142,163,257,353,71,250,103,130,135,222,39,306,128,154,16,117,53,212,83,110,34,304,163,112,360,97,365,101,367,67,399,195,67,120,147,246,210,170,103,157,10,135,30,194,44,168,214,451,69,463,62,311,206,339,179,285,235,227,289,161,143,215,91,103,190,167,350,149,41
"3610",1754,1211,2157,776,1888,1195,2391,617,1167,1815,2219,919,1909,1220,2211,984,2131,560,415,1117,1553,528,1176,971,1263,844,2521,801,2872,441,1315,2008,1977,1533,1123,2190,627,2860,656,2840,1121,2303,2472,954,1992,1388,2452,592,1921,1524,1693,286,1515,151,1399,278,1485,218,1487,248,1441,288,1418,263,1534,115,1408,170,1510,140,1552,637,1138,1037,1641,1525,2544,573,2484,744,1760,1572,2224,986,2415,846,2758,430,1085,1782,1742,1056,879,2010,2635,326,1775,690,1761,1368,2530,580,2317,698,1427,173,1031,623,1537,418,1130,295,2222,938,674,2528,618,2507,492,2699,388,2797,2607,447,1731,1378,1935,1174,1237,489,1534,176,1444,248,1966,515,1395,1106,3199,384,3057,599,2494,1107,2756,843,2044,1529,2040,1543,2136,1413,2814,732,1406,1954,1442,2119,1001,224
"3611",1983,1415,2398,962,2161,1409,2844,621,1248,2188,2618,1014,2269,1347,2549,523,2520,592,425,1370,1853,673,1246,1372,1543,1000,2868,1032,3278,588,1569,2313,2339,1746,1366,2486,686,3387,712,3351,1154,2847,2946,1074,2285,1670,2763,835,2244,1821,1894,317,1625,233,1521,368,1601,322,1600,331,1556,368,1475,391,1641,194,1525,252,1646,213,2312,908,1661,1577,2399,2245,3653,858,3845,856,2771,2098,3299,1386,3642,1124,4025,598,1598,2602,2392,1688,1185,3054,3818,459,2624,948,2550,1973,3699,866,3399,1022,1963,266,1400,886,2329,582,1711,414,3356,1340,1020,3715,847,3800,703,4033,612,4135,3942,609,2693,1949,2920,1731,1865,740,2337,278,2236,349,2829,788,2193,1415,4741,534,4469,900,3801,1479,4046,1255,3108,2175,3259,2031,3270,2021,4191,1095,2189,2823,2232,2999,1467,418
"3612",1807,1008,1976,791,1855,1043,2394,461,1211,1601,2253,700,1843,1088,2299,984,1790,691,324,1172,1565,313,1122,805,1313,557,3151,990,3545,582,1564,2472,2997,1478,1711,2390,1114,3202,1124,3153,1196,3014,3400,839,3073,1088,2821,962,3028,1323,1773,138,1470,180,1339,330,1454,255,1400,318,1397,344,1348,316,1536,136,1424,190,1479,179,2388,508,1907,1041,2170,2441,3670,867,3913,780,3246,1628,3567,1130,3571,1134,4055,592,1541,2615,2366,1717,1274,2919,3807,470,2843,806,3335,1211,3699,848,3815,524,1479,166,1181,483,2005,334,1624,203,3547,864,1133,3310,864,3495,601,3843,450,4007,3777,536,3007,1372,3382,968,1584,389,1836,138,1770,199,2402,452,1986,866,4491,435,4020,1015,3812,1166,4046,948,3527,1395,3587,1352,3573,1332,4157,786,2486,2120,2739,2139,1384,173
"3802",1380,1085,1764,671,1520,1057,2052,460,934,1580,1872,747,1626,990,1781,760,1812,451,336,957,1251,511,918,912,999,772,1993,751,2374,415,1167,1636,1709,1247,983,1812,563,2374,584,2346,858,2021,2084,797,1575,1238,2052,553,1618,1330,1226,241,1123,137,1046,225,1101,177,1114,187,1078,230,1037,240,1130,106,1078,132,1122,118,3792,1828,2795,2890,3981,3919,6201,1524,6354,1626,4482,3784,5463,2486,6016,2025,6690,1154,2778,4427,4164,2835,2050,5192,6439,847,4245,1821,4111,3619,6500,1541,4995,1756,3298,423,2344,1508,3854,1085,2837,789,5448,2473,1836,6186,1647,6244,1333,6691,1169,6875,6623,1123,4447,3488,4631,3268,2807,1458,3688,567,3487,739,4487,1558,3455,2609,7892,994,7444,1608,6233,2688,6509,2438,4940,3986,5102,3863,4975,3919,6968,1936,3362,5157,3809,5054,2408,732
"3803",1942,1027,2120,791,1998,1098,2596,444,1026,1969,2481,679,2114,1043,2358,691,2055,598,324,1016,1511,390,939,1061,1326,598,2505,839,2901,526,1311,2061,2446,1197,1378,2016,716,2863,749,2849,946,2567,2777,746,2289,1129,2344,739,2336,1265,1436,188,1197,172,1100,297,1191,234,1214,235,1172,276,1092,305,1237,131,1131,187,1209,165,2545,969,1954,1629,2718,2479,4094,986,4322,964,3317,2134,3792,1467,4145,1164,4532,698,1780,2953,2710,1884,1266,3486,4391,473,3010,1033,3163,1975,4284,1042,3718,814,2012,242,1495,842,2536,506,1893,357,3932,1289,1130,4138,936,4242,697,4566,596,4674,4512,590,3245,1933,3543,1614,1999,673,2419,245,2305,347,3155,741,2554,1347,5304,579,4921,1104,4436,1489,4698,1252,3704,2200,3915,2002,3844,2050,4860,1048,2629,2972,2823,3061,1561,380
"3804",1223,810,1451,528,1332,761,1707,355,806,1241,1582,550,1289,841,1498,592,1460,395,255,818,1090,367,829,681,848,603,1638,571,1916,326,863,1353,1384,994,751,1469,446,1913,450,1908,716,1607,1656,643,1378,883,1687,402,1334,1026,1116,220,998,169,921,250,997,190,983,205,958,229,953,214,1026,126,946,169,1016,128,501,240,379,380,582,559,896,213,914,235,634,548,805,340,864,288,989,145,389,647,594,400,305,729,933,113,625,264,628,483,950,216,722,251,460,44,340,176,495,152,389,103,775,335,252,859,227,869,177,935,143,968,921,159,618,482,665,422,400,179,524,58,476,102,679,178,498,359,1154,121,1092,199,952,327,968,309,731,539,757,525,739,533,1031,249,505,704,596,672,345,100
"3805",870,636,1030,441,885,663,1221,305,542,979,1139,446,967,613,1102,438,1040,311,204,464,708,264,442,576,559,429,1213,500,1449,307,786,972,1119,756,641,1118,420,1427,429,1416,554,1266,1307,494,1043,706,1183,438,1064,778,688,130,608,81,556,156,589,119,595,135,581,148,562,160,631,60,578,94,606,91,328,185,236,285,332,377,562,126,561,152,433,305,507,205,548,171,610,99,222,409,356,258,183,452,600,59,385,163,369,317,583,138,428,160,312,56,223,150,348,99,269,83,477,244,176,556,184,534,151,581,117,613,606,104,424,292,409,304,247,156,346,51,326,70,387,169,323,235,716,93,671,148,577,237,583,223,410,400,470,341,421,386,614,189,301,469,343,456,212,97
"3808",158,30,139,39,151,41,181,12,82,93,172,29,139,61,170,17,100,46,9,19,46,12,28,31,42,16,220,68,275,37,132,124,282,69,200,101,86,215,87,208,106,179,268,31,208,74,166,84,285,49,34,10,32,7,30,9,30,11,29,13,25,17,35,7,36,6,36,6,34,7,71,19,65,25,73,118,157,38,169,30,154,49,165,37,152,47,183,17,55,111,97,59,37,117,141,21,105,31,141,47,166,34,159,17,35,1,22,13,35,12,25,11,111,29,33,109,32,101,21,121,5,140,122,12,93,50,104,35,29,16,39,6,35,7,46,17,24,40,122,9,115,17,98,35,107,26,80,51,76,57,78,53,101,30,58,67,65,62,34,17
"4101",1789,1010,2009,728,1884,1035,2435,421,1000,1822,2289,686,2004,978,2321,575,2068,514,305,1153,1543,405,909,1098,1271,676,2366,723,2592,493,1086,1982,2137,1153,1151,1936,580,2681,618,2646,768,2429,2559,636,2225,945,2130,703,2044,1210,1472,190,1171,188,1070,331,1162,276,1188,261,1152,293,1046,367,1241,140,1142,195,1202,185,4055,1168,3170,2136,4007,3413,5968,1317,6248,1296,5016,2772,5456,2003,6100,1477,6636,836,2665,4053,4106,2466,1815,4984,6424,550,4402,1337,4738,2595,6292,1316,5426,1050,3058,314,2414,1070,4272,647,3012,442,6108,1632,1382,6434,1092,6591,818,7014,723,7116,6794,776,5073,2640,5597,2041,3384,816,3892,331,3761,436,5250,964,4406,1809,8370,734,7787,1460,7211,1947,7410,1730,6289,2760,6489,2642,6549,2563,7713,1357,4485,4073,4512,4521,2787,457
"4102",1863,1251,2029,960,1850,1361,2541,593,974,2128,2481,809,2183,1104,2200,982,2179,621,418,1019,1464,638,660,1519,1201,909,2334,1019,2624,683,1477,1876,2292,1280,1253,2096,753,2781,785,2750,969,2485,2544,934,2113,1318,2214,872,2056,1453,1400,282,1192,186,1103,340,1165,282,1153,301,1100,350,1083,341,1237,148,1126,215,1220,183,1898,801,1322,1431,1860,2083,2984,885,3457,565,2535,1635,2907,1098,3310,756,3321,655,1288,2313,1826,1684,800,2818,3373,350,2151,920,2328,1599,3115,949,2699,757,1366,267,976,725,2070,378,1286,322,3014,1017,879,3205,667,3351,578,3505,555,3531,3516,415,2673,1320,2679,1324,1531,522,1800,244,1736,290,2377,722,2181,922,4250,518,3825,1043,3676,1131,3703,1107,2946,1827,3269,1523,2914,1858,3849,923,2075,2432,2240,2498,1113,284
"4103",1578,1190,1987,709,1836,1044,2297,503,1164,1639,1962,955,1759,1145,2078,789,2202,364,357,1335,1548,560,1128,1023,1239,865,2441,688,2764,353,1202,1912,1806,1514,1120,1989,511,2784,509,2784,993,2271,2365,891,1873,1345,2346,506,1914,1394,1636,322,1445,163,1343,291,1390,254,1381,287,1359,306,1328,303,1454,130,1360,172,1442,160,1735,698,1391,1064,1827,1496,2722,528,2579,746,1818,1635,2267,1045,2556,816,2909,387,1176,1820,1934,1014,985,2033,2715,372,1899,669,1825,1457,2972,433,2171,698,1617,163,1306,541,1783,457,1286,327,2349,957,617,2713,587,2687,490,2836,387,2951,2800,443,1829,1452,2002,1273,1405,617,1827,187,1706,291,2189,526,1485,1237,3277,369,3265,466,2449,1212,2722,950,2112,1550,2056,1621,2184,1475,2919,758,1451,2003,1474,2176,1210,276
"4203",2074,569,1872,658,2125,603,2467,247,875,1752,2517,282,2057,709,2309,345,1766,538,170,945,1403,188,650,1016,1301,301,2473,614,2698,381,785,2190,2785,541,1257,1791,561,2659,560,2649,553,2602,2874,316,2657,490,2157,600,2552,728,1195,67,871,154,828,233,936,179,950,172,915,195,857,220,924,109,842,151,879,146,4203,642,3322,1687,4154,3312,5956,1351,6778,879,5938,2015,6014,1587,6686,1054,6960,644,2659,3976,4034,2435,1488,5306,6582,420,4591,986,5718,1735,5899,1617,6714,563,2323,204,1904,660,3893,258,2603,231,7209,1071,1319,7019,950,7264,511,7862,405,7973,7590,513,6355,1882,7029,1148,3065,350,3282,134,3173,220,5338,667,5118,906,9654,515,8102,2174,9296,973,9194,1040,7873,2154,8577,1592,8134,1908,9405,731,5985,3393,6198,3758,2147,210
"4204",2554,799,2508,707,2709,757,3085,338,1086,2265,3051,488,2610,892,2880,522,2426,578,272,1528,1986,355,1046,1372,1777,560,3175,658,3466,382,966,2826,3218,876,1474,2342,564,3487,598,3433,690,3254,3508,478,3048,864,2852,616,2879,1173,1800,144,1407,206,1313,330,1452,246,1492,243,1470,260,1341,307,1472,163,1373,221,1441,206,4217,851,3465,1713,4246,3045,5942,1200,6325,1098,5425,2268,5595,1795,6402,1135,6815,597,2750,3704,4245,2111,1697,4925,6386,389,4457,1023,5061,2140,5972,1300,6270,781,2982,270,2498,807,4105,363,2843,316,6122,1201,924,6448,765,6522,443,6965,399,7023,6704,509,5214,2083,5816,1434,3182,569,3545,209,3406,321,5136,733,4509,1346,7884,508,7131,1346,7292,1159,7293,1138,6369,1922,6621,1757,6456,1870,7649,730,4666,3173,4644,3620,2492,315
"4205",2710,874,2665,758,2882,817,3299,354,1149,2415,3192,570,2830,916,3093,569,2607,631,292,1659,2069,394,1019,1529,1861,620,3155,665,3432,388,979,2806,3065,1025,1365,2433,581,3450,594,3426,661,3299,3486,508,3026,927,2756,655,2824,1259,1959,185,1466,229,1386,352,1498,292,1537,281,1503,323,1409,342,1541,190,1435,237,1501,228,2158,409,1771,861,2037,1593,2971,596,3168,527,2735,1085,2773,902,3207,550,3402,306,1333,1879,2097,1079,767,2552,3208,186,2269,524,2530,1067,3041,618,3157,394,1453,126,1234,411,2178,154,1402,167,3128,552,473,3244,342,3314,225,3497,198,3536,3355,265,2708,965,2944,697,1628,233,1786,80,1731,126,2543,353,2334,563,3938,244,3503,722,3685,536,3673,529,3136,1025,3318,867,3214,938,3793,377,2365,1536,2292,1812,1203,129
"4207",2423,669,2308,657,2549,632,2882,269,1006,2062,2879,380,2477,766,2721,411,2207,521,228,1366,1839,277,938,1257,1690,423,3013,596,3264,351,878,2665,3134,729,1361,2207,549,3245,549,3221,582,3142,3351,398,2988,712,2596,570,2843,982,1673,106,1266,157,1216,253,1328,193,1359,192,1351,191,1226,248,1314,142,1211,175,1311,148,2709,436,2222,990,2618,1871,3662,753,4003,589,3556,1174,3553,992,3964,666,4260,318,1728,2296,2640,1262,954,3130,4023,188,2818,551,3350,1116,3785,839,3709,344,1715,135,1442,443,2491,175,1725,170,3885,632,613,3933,477,4008,275,4295,212,4362,4137,288,3391,1092,3690,757,1885,233,2027,78,1978,113,2951,351,2688,607,4707,257,4152,855,4393,580,4358,597,3833,1078,4017,928,3886,1035,4566,386,2851,1767,2795,2066,1374,121
"4208",2136,701,2075,656,2282,666,2638,270,892,1931,2600,411,2275,727,2449,459,2047,534,267,1310,1703,344,883,1249,1578,485,2739,573,2963,366,847,2409,2696,800,1235,2038,531,2922,532,2917,576,2813,2957,448,2571,793,2383,582,2424,1049,1552,157,1187,189,1141,278,1206,240,1254,232,1238,254,1145,276,1235,151,1167,192,1229,178,1479,310,1195,667,1454,1140,2087,435,2229,401,1966,747,1924,661,2215,436,2370,238,958,1365,1505,772,576,1804,2262,158,1619,364,1748,813,2120,544,2076,254,1037,79,885,262,1499,159,1017,102,2241,467,386,2347,322,2373,211,2529,181,2555,2436,204,1984,702,2120,567,1201,197,1311,86,1281,112,1850,284,1644,469,2967,192,2650,546,2702,460,2732,428,2360,772,2494,652,2381,753,2840,317,1770,1184,1777,1330,903,108
"4209",2142,876,2082,828,2106,1014,2664,408,1069,1961,2685,532,2192,993,2532,548,2107,589,338,1139,1624,392,729,1362,1412,597,2727,877,3031,572,1230,2328,2857,988,1419,2154,797,3004,847,2943,826,2893,3123,628,2745,936,2474,812,2614,1174,1453,163,1157,184,1091,284,1188,210,1182,250,1153,276,1060,327,1231,127,1117,196,1180,178,3311,737,2432,1684,3119,3017,4830,1204,5489,832,4559,1961,4944,1351,5421,955,5598,664,2142,3437,3176,2295,1273,4406,5464,386,3770,1055,4436,1692,4774,1370,5242,734,2060,226,1576,760,3202,317,2147,246,5107,1175,1173,5169,880,5318,548,5802,491,5880,5561,546,4607,1625,4862,1320,2319,480,2608,197,2514,261,3850,792,3701,961,6939,576,5924,1714,6393,1223,6463,1125,5502,1997,5979,1581,5575,1942,6681,874,3895,3147,4241,3183,1739,262
"4210",2214,1002,2246,870,2236,1077,2839,443,1086,2130,2754,646,2340,1037,2556,716,2255,609,374,1189,1581,485,680,1440,1364,698,2689,872,2995,584,1191,2295,2776,1024,1336,2213,763,2983,829,2911,803,2863,3061,633,2520,1071,2405,826,2543,1211,1382,219,1122,204,1033,332,1124,273,1130,271,1103,303,1040,333,1168,172,1094,207,1137,200,4505,1444,3389,2673,4317,4249,6615,1730,7477,1223,6106,2919,6476,2196,7308,1523,7599,1042,2952,4790,4367,3178,1771,6145,7391,641,5048,1553,5558,2920,6971,1825,6321,1216,2992,451,2353,1219,4621,678,2993,501,6868,1909,1679,7167,1227,7476,975,7882,866,7985,7790,785,6127,2597,6302,2383,3422,918,3961,372,3793,512,5468,1240,5047,1654,9353,838,8133,2230,8404,1850,8360,1873,6968,3171,7619,2587,7054,3094,8831,1366,5081,4548,5313,4764,2722,501
"4301",2200,906,2185,827,2275,957,2763,409,990,2119,2649,634,2347,910,2518,678,2141,683,263,1054,1560,395,689,1351,1343,610,2816,869,3000,652,1214,2451,2855,1061,1249,2402,852,2994,876,2963,765,3017,3146,666,2741,1018,2429,910,2686,1168,1417,180,1105,194,969,351,1110,242,1125,255,1109,269,972,348,1177,144,1060,208,1087,218,4197,1076,3330,2090,4192,3711,6375,1371,7051,996,6040,2323,6370,1633,7110,1043,6992,959,2842,4239,4180,2743,1704,5517,6737,630,4914,1149,5774,2128,6580,1531,6097,906,2725,296,2154,987,4325,343,2785,357,6799,1257,1420,6695,923,7041,566,7571,570,7585,7219,662,6057,1968,6415,1591,2950,574,3296,243,3186,333,5024,1089,4844,1286,8506,630,7422,1862,7663,1526,8038,1176,6675,2430,7347,1833,6711,2407,8368,782,4928,3666,5067,3964,2249,379
"4302",2138,645,1975,715,2164,724,2491,343,870,1930,2536,412,2230,688,2335,510,1861,614,179,931,1461,231,658,1101,1279,414,2754,811,2920,622,1104,2416,2967,884,1247,2339,836,2917,852,2893,743,2941,3219,521,2939,728,2352,922,2874,930,1369,119,987,204,914,307,1041,240,1080,233,1055,256,950,300,1084,146,990,186,1045,189,4298,973,3431,1958,4333,4009,6712,1494,7379,1149,6262,2551,6796,1707,7303,1304,7408,1005,3031,4519,4390,2981,2016,5632,7143,634,5202,1329,6158,2155,6858,1693,6558,776,2684,310,2152,950,4340,345,2927,278,7416,1335,1641,7189,1170,7491,695,8180,611,8270,7731,811,6484,2191,7039,1620,3051,549,3373,229,3270,315,5400,858,5019,1249,9643,740,8483,2088,8767,1681,9129,1357,7830,2510,8271,2149,7922,2429,9512,899,5672,4060,5956,4303,2491,338
"4304",2324,751,2163,773,2370,843,2754,380,1007,2070,2745,540,2479,778,2600,559,2120,626,225,1050,1620,303,730,1279,1403,513,2887,802,3021,619,1072,2573,2969,950,1342,2333,763,3132,816,3082,720,3051,3326,501,2819,946,2453,856,2884,1021,1382,136,1022,198,932,311,1049,239,1088,222,1065,248,953,305,1097,140,998,199,1050,194,3565,1001,2802,1867,3610,2876,5337,1044,5536,1029,4651,2177,5031,1551,5602,1077,5829,681,2467,3414,3639,2138,1599,4361,5618,490,4027,1021,4511,1971,5516,1172,4978,777,2666,272,2136,875,3760,352,2619,320,5550,1123,1075,5663,702,5923,449,6305,449,6309,5922,595,4709,1919,5108,1505,2590,647,2994,237,2870,339,4311,851,3829,1320,6860,510,6293,1186,5947,1466,6315,1111,5294,2048,5528,1856,5353,2013,6660,730,3978,2948,3816,3466,2148,329
"4305",2263,975,2310,835,2327,1046,2826,473,1087,2179,2773,668,2435,983,2598,754,2354,575,327,1199,1777,489,879,1491,1524,745,2871,792,3064,555,1212,2432,2761,1116,1284,2361,715,3128,747,3105,787,2986,3114,680,2678,1045,2520,818,2611,1242,1567,254,1267,213,1162,371,1281,272,1333,270,1294,303,1180,353,1337,170,1221,226,1301,209,3981,1441,2979,2617,4126,3938,6353,1560,7130,1066,5782,2724,6309,1864,6966,1321,7029,1076,2835,4481,4185,2983,1798,5660,6916,629,4874,1412,5418,2613,6595,1666,5925,1140,2881,443,2193,1272,4223,577,2860,507,6586,1745,1565,6809,1119,7120,837,7576,876,7550,7281,834,5876,2388,6099,2134,2966,871,3430,414,3332,470,4942,1289,4685,1562,8628,842,7702,1945,7666,1879,7941,1626,6384,3057,7168,2357,6528,2956,8240,1258,4715,4241,4779,4632,2340,486
"4306",2258,845,2239,760,2275,945,2811,359,1097,1983,2646,644,2253,1013,2615,533,2106,661,208,1169,1636,315,940,1104,1453,513,2880,759,3149,471,1166,2437,2736,1151,1316,2280,685,3134,714,3088,791,2942,3163,608,2779,888,2600,698,2689,1137,1563,157,1257,178,1140,289,1253,221,1295,223,1262,247,1148,294,1306,136,1199,179,1270,172,943,202,759,417,890,745,1337,266,1355,285,1170,528,1263,369,1375,284,1467,153,625,833,919,517,449,1033,1393,123,1052,218,1144,457,1384,273,1276,172,628,51,503,202,880,82,621,68,1392,250,272,1383,213,1404,128,1517,111,1533,1481,122,1146,486,1324,300,654,136,741,46,722,63,1086,176,952,311,1673,124,1497,316,1496,312,1567,244,1337,446,1363,432,1355,436,1610,182,1004,686,971,798,491,68
"4310",2277,671,2142,710,2351,718,2696,327,1040,1894,2679,455,2321,808,2621,402,2059,601,165,1185,1731,246,909,1142,1564,412,2851,688,3094,462,931,2561,2910,905,1345,2173,624,3119,682,3068,682,2990,3246,463,2891,753,2510,681,2854,931,1574,129,1203,210,1067,354,1218,251,1242,261,1204,296,1100,325,1242,168,1131,208,1202,212,3840,875,3087,1721,3809,3121,5618,1216,5977,1065,5274,1980,5480,1532,6049,1041,6231,715,2679,3604,3896,2193,1725,4577,5965,519,4338,997,5077,1833,5746,1321,5432,684,2512,233,2092,736,3891,305,2715,258,6042,1032,1141,5991,787,6207,458,6690,393,6767,6261,653,5132,1890,5702,1311,2802,512,3110,205,3015,281,4724,771,4272,1231,7583,532,6738,1493,6838,1330,7065,1111,6023,2053,6432,1730,6102,1965,7415,732,4469,3102,4489,3518,2148,284
"4401",1598,973,1629,888,1528,1129,2131,462,803,1779,2137,572,1793,902,1814,805,1655,694,327,693,1111,521,446,1244,899,736,1943,975,2151,729,1308,1629,2149,937,1112,1831,819,2235,875,2177,768,2241,2222,798,1918,1059,1760,950,1907,1143,1001,193,849,167,738,287,852,195,831,236,806,263,748,282,911,115,823,160,829,197,3620,1298,2388,2629,3591,4075,5873,1646,6878,958,5185,2906,5887,1924,6577,1299,6522,1173,2549,4518,3580,3330,1649,5495,6523,689,4603,1553,4970,2655,5942,1893,5539,1162,2386,437,1732,1205,3679,590,2469,518,5947,1912,1794,6167,1269,6522,966,6978,870,7095,6818,852,5364,2432,5496,2266,2670,803,3092,378,2983,477,4403,1276,4272,1411,8491,907,7173,2399,7772,1747,7816,1678,6326,3086,7064,2388,6360,3073,8033,1416,4354,4573,4922,4425,2152,469
"4402",1969,1127,2013,976,1934,1273,2641,481,1093,1985,2590,681,2200,1044,2315,840,2042,726,370,951,1391,519,656,1338,1207,703,2387,1038,2640,773,1439,2002,2547,1131,1308,2160,934,2668,965,2639,933,2616,2692,878,2395,1129,2228,983,2302,1319,1298,226,1074,217,993,329,1068,278,1096,289,1062,324,1007,332,1158,154,1050,221,1096,215,3517,1531,2399,2770,3691,4336,6091,1766,7138,1044,5169,3213,6105,1992,6673,1513,6566,1409,2615,4761,3710,3503,1736,5733,6677,845,4779,1706,5080,2879,6213,1969,5442,1425,2443,538,1711,1371,3783,757,2534,589,6011,2087,2115,6089,1464,6573,1253,6926,1154,7028,6866,999,5432,2596,5489,2500,2678,926,3138,473,3060,531,4362,1524,4244,1663,8495,1095,7295,2509,7383,2298,7778,1935,5886,3679,6745,2916,6033,3574,7917,1740,4275,4832,4766,4795,2153,547
"4403",1848,877,1898,733,1875,953,2370,391,894,1867,2321,553,2037,815,2120,668,1929,551,306,962,1361,450,655,1223,1140,685,2185,796,2492,515,1046,1959,2259,914,1126,1878,667,2472,683,2463,650,2436,2503,604,2064,1011,2088,748,1967,1191,1247,206,1006,197,937,285,1000,251,1025,251,985,291,923,310,1091,136,989,198,1040,188,3480,980,2602,1943,3370,3046,5057,1233,5728,833,4509,2245,4840,1645,5570,1024,5684,745,2213,3636,3387,2314,1286,4647,5555,430,3854,1140,4140,2226,5262,1293,4856,844,2417,288,1875,942,3519,463,2361,385,5219,1362,1108,5524,806,5715,618,6021,592,6047,5849,586,4522,1993,4781,1711,2645,598,2973,282,2866,371,4130,902,3867,1160,7150,586,6316,1551,6498,1326,6561,1224,5457,2273,5927,1869,5502,2252,6770,972,3915,3409,4072,3601,2047,382
"4404",1798,954,1801,891,1639,1222,2274,477,911,1845,2310,603,1952,933,2062,744,1827,657,288,774,1244,432,529,1194,1019,653,2285,1039,2441,847,1432,1893,2449,1089,1193,2144,1030,2441,1082,2403,861,2539,2667,763,2318,1059,2047,1056,2313,1174,1115,208,868,218,775,330,868,268,909,263,871,297,805,327,977,147,881,206,905,225,3709,1369,2472,2696,3637,4142,6030,1559,6853,1041,5074,3076,5948,1924,6559,1410,6482,1273,2644,4526,3702,3320,1740,5519,6544,781,4625,1606,4994,2748,6240,1729,5546,1238,2646,489,1911,1317,3863,642,2547,493,5974,1829,1750,6143,1242,6508,916,6971,944,6949,6636,951,5446,2288,5466,2235,2731,870,3218,372,3056,521,4387,1344,4127,1617,8230,900,7177,2098,7135,2045,7468,1731,6042,3086,6707,2445,6148,2967,7654,1468,4254,4400,4651,4412,2219,479
"4409",604,537,675,445,562,639,887,269,370,778,921,308,753,476,766,410,747,281,196,267,490,282,187,613,376,383,864,519,915,445,719,679,929,555,511,886,487,978,507,956,477,955,990,458,837,572,807,470,840,615,451,102,374,101,340,149,358,122,350,142,332,162,328,149,422,52,385,81,389,88,620,335,359,620,669,904,1141,381,1383,213,908,759,1188,393,1323,291,1261,305,501,949,643,770,300,1165,1274,197,888,401,955,611,1172,444,1010,320,382,138,249,285,699,168,479,138,1141,502,455,1211,289,1344,303,1367,290,1375,1334,257,1058,561,1032,590,446,249,550,145,538,153,749,426,802,381,1738,332,1378,731,1501,599,1559,534,1170,895,1392,682,1135,926,1598,471,821,1137,938,1111,401,123
"4501",2172,1259,2552,814,2369,1216,2938,562,1265,2182,2673,971,2401,1241,2662,894,2659,535,408,1564,2007,635,1170,1553,1635,997,3010,831,3338,481,1266,2597,2510,1558,1229,2595,690,3354,727,3321,925,3055,3171,837,2486,1459,2871,710,2359,1690,2042,297,1665,248,1529,403,1632,333,1662,351,1627,375,1536,400,1692,220,1573,276,1691,233,4946,1750,3997,2792,5115,3720,7278,1374,7121,1787,5620,3591,6317,2569,7218,1803,7899,921,3439,4554,5328,2546,2495,5560,7504,739,5256,1587,5192,3547,7740,1224,6242,1434,4550,457,3700,1477,5306,891,3981,716,6870,2099,1351,7709,1152,7777,924,8131,818,8241,7708,1039,5501,3372,6065,2780,4206,1335,5077,452,4810,679,6102,1357,4724,2735,8955,857,8656,1327,7117,2707,7585,2237,6345,3463,6339,3505,6395,3413,8211,1597,4572,4747,4220,5529,3348,680
"4502",1901,1176,2084,924,1950,1255,2577,545,959,2169,2463,808,2240,1022,2274,880,2229,598,411,1109,1500,580,751,1407,1270,824,2442,939,2738,621,1378,2040,2305,1313,1191,2204,770,2810,778,2809,833,2654,2709,808,2240,1219,2309,829,2142,1435,1519,239,1217,236,1139,327,1209,290,1244,300,1216,325,1151,342,1298,156,1183,222,1255,203,1948,731,1348,1375,1974,1887,2996,774,3381,562,2586,1468,2890,1034,3217,766,3362,536,1385,2117,1992,1464,787,2747,3292,301,2237,774,2368,1473,3188,772,2779,601,1437,241,1059,687,2101,377,1446,293,3002,939,823,3174,623,3286,497,3511,483,3532,3435,421,2614,1287,2657,1259,1465,527,1747,242,1683,291,2337,653,2148,844,3928,456,3505,951,3450,964,3498,919,2862,1520,3145,1234,2855,1502,3638,727,1962,2177,2034,2328,1212,246
"4503",2128,944,2273,675,2283,912,2730,413,1122,1963,2494,742,2169,1070,2572,585,2213,562,293,1395,1811,401,1238,1043,1507,690,2673,640,2900,400,1061,2220,2284,1254,1112,2167,581,2929,605,2896,804,2629,2826,645,2403,1013,2465,575,2293,1246,1863,182,1512,179,1369,291,1491,243,1512,262,1465,308,1382,313,1538,131,1441,173,1517,166,1880,510,1524,902,1757,1485,2634,567,2684,638,2215,1219,2478,834,2700,663,2894,372,1271,1664,1883,966,913,2047,2790,263,1964,564,2215,1009,2810,521,2447,423,1408,127,1165,431,1822,235,1331,170,2691,615,544,2779,443,2814,317,3013,278,3062,2897,328,2218,1056,2512,767,1457,344,1689,111,1614,172,2344,378,1901,809,3634,298,3315,662,3098,850,3260,687,2809,1087,2800,1137,2832,1067,3434,488,1981,1686,1938,1941,1147,175
"4505",1262,812,1406,603,1289,877,1722,375,653,1447,1655,539,1434,748,1474,631,1535,356,280,726,1046,411,520,992,823,633,1730,603,1877,446,953,1409,1580,922,759,1588,553,1906,594,1868,603,1806,1855,562,1489,918,1596,536,1463,1005,988,212,850,142,773,218,823,184,844,183,790,238,746,246,892,93,812,127,849,121,3334,1159,2409,2174,3378,3053,5104,1134,5591,979,4348,2419,4833,1702,5461,1174,5675,743,2238,3577,3299,2380,1482,4413,5499,485,3745,1172,4028,2357,5309,1266,4578,1039,2581,358,1962,1055,3363,547,2473,428,4990,1577,1246,5430,927,5614,740,5936,703,5974,5720,719,4385,2160,4572,1947,2511,810,2976,355,2817,482,4016,1066,3533,1550,6613,674,5941,1462,5585,1722,5794,1519,4810,2474,5151,2139,4768,2499,6102,1174,3280,3570,3484,3765,2093,376
"4506",1069,909,1260,675,1005,1065,1498,478,677,1320,1385,733,1246,853,1317,701,1330,487,328,589,851,453,374,999,690,631,1657,691,1813,512,1114,1274,1472,1063,844,1555,724,1796,750,1781,777,1670,1686,772,1463,944,1384,783,1413,1051,852,218,765,117,673,229,733,201,747,199,728,216,673,243,817,88,732,136,767,126,1129,542,680,1020,1261,1444,2051,596,2402,359,1576,1281,1982,779,2144,630,2203,495,859,1640,1149,1281,602,1925,2224,328,1542,619,1562,1112,2139,611,1718,614,816,231,555,540,1286,344,849,275,1917,899,837,1999,642,2146,581,2242,629,2218,2263,460,1778,1005,1703,1083,826,468,1076,218,1008,276,1370,651,1341,681,2788,503,2412,951,2326,983,2433,903,1834,1471,2121,1197,1824,1465,2500,793,1354,1777,1533,1747,652,245
"4508",1660,912,1714,792,1596,1093,2117,489,804,1772,2095,627,1824,904,1924,676,1682,604,310,822,1206,416,500,1205,1042,596,2203,865,2405,637,1355,1718,2129,1184,1171,1912,834,2425,871,2390,890,2285,2414,768,2123,996,1934,869,2050,1175,1150,167,913,183,867,287,907,261,944,249,894,290,844,305,1004,122,914,181,963,167,1701,555,1163,1142,1700,1841,2745,692,3176,440,2394,1342,2728,858,2996,647,2974,564,1172,2032,1653,1483,758,2498,2947,350,2048,692,2425,1099,2759,889,2567,544,1025,186,742,496,1672,261,1072,204,2702,778,804,2711,590,2854,450,3057,497,3038,2963,417,2390,1044,2488,946,1108,360,1291,184,1233,236,1842,625,1800,677,3651,464,3051,1140,3189,963,3266,887,2688,1406,3039,1087,2687,1426,3409,705,1849,1992,2080,1979,896,197
"4509",720,767,899,578,551,1012,1012,489,498,1032,955,641,852,727,922,612,1005,356,310,367,587,424,257,792,403,565,1148,707,1303,518,1099,792,1009,999,632,1232,623,1353,640,1339,718,1173,1227,685,1054,838,1093,643,1071,879,613,186,550,129,466,221,518,181,524,183,475,228,442,249,592,91,545,119,546,126,726,497,373,894,837,1249,1501,517,1783,314,1051,1141,1461,640,1576,536,1531,515,608,1284,804,1062,426,1500,1621,294,1076,598,1075,966,1557,547,1222,496,452,179,252,399,823,308,517,206,1308,757,763,1339,570,1485,540,1543,584,1515,1606,373,1168,871,1142,900,482,353,635,205,604,235,834,596,820,615,2064,551,1833,870,1578,1071,1712,944,1242,1385,1499,1137,1219,1404,1776,844,795,1691,991,1623,412,191
"4510",623,839,772,650,516,992,940,492,507,945,831,696,778,752,788,688,963,348,347,356,534,403,290,673,355,550,1026,689,1236,461,1032,743,809,1036,563,1175,622,1230,672,1192,714,1073,1093,693,864,895,1077,562,940,876,637,211,615,107,518,225,573,173,556,191,508,236,499,249,631,80,574,127,588,119,659,561,309,933,723,1172,1363,475,1635,271,858,1150,1287,623,1411,534,1392,469,530,1230,713,1004,424,1327,1463,291,1022,553,906,967,1458,469,958,561,500,151,241,423,691,362,481,226,1025,773,804,1023,545,1231,544,1257,589,1226,1360,370,875,892,896,874,363,401,574,201,532,238,612,637,598,655,1818,430,1585,724,1259,1001,1455,815,1003,1258,1207,1055,993,1272,1518,748,683,1465,837,1411,348,217
"4511",694,740,810,584,555,939,978,450,450,964,1010,505,857,641,856,601,927,355,251,302,577,325,216,719,419,455,1026,706,1156,558,1022,711,1067,793,658,1106,645,1207,688,1166,663,1131,1157,645,1023,758,1020,606,1033,816,563,127,504,97,441,175,477,139,492,132,478,139,418,199,545,60,503,82,519,87,675,433,344,796,807,1160,1364,531,1762,230,1028,1028,1392,590,1561,448,1425,505,541,1278,712,1055,392,1443,1532,290,1038,549,1085,849,1446,558,1095,532,464,150,257,367,767,270,485,167,1274,680,741,1249,488,1451,494,1474,502,1475,1491,367,1137,785,1128,784,453,294,592,160,554,191,769,513,790,495,1953,456,1675,810,1581,857,1641,811,1228,1194,1437,997,1168,1254,1716,704,808,1484,1010,1421,360,162
"4601",2196,1122,2274,915,2271,1149,2901,469,1098,2204,2737,761,2462,1026,2582,788,2357,611,356,1332,1851,517,842,1645,1591,815,2849,841,3175,519,1281,2423,2672,1293,1340,2376,723,3212,726,3183,834,3027,3106,749,2663,1133,2641,692,2491,1417,1702,227,1407,189,1294,341,1410,267,1437,269,1354,344,1304,351,1447,159,1368,193,1437,187,4672,1428,3566,2681,4684,3626,6663,1480,7121,1376,5855,2936,6147,2253,7084,1495,7526,894,3099,4419,4736,2633,2051,5602,7184,612,4977,1394,5285,2959,7083,1474,6082,1201,3625,373,2882,1260,4695,652,3364,523,6768,1786,1409,7220,1135,7376,887,7767,827,7835,7544,816,5699,2817,6139,2327,3594,967,4189,369,3978,543,5598,1149,4856,1894,8830,657,7973,1666,7576,1945,7740,1772,6558,2903,6870,2629,6604,2835,8188,1310,4712,4271,4560,4816,2912,501
"4602",1758,1009,2123,572,2004,860,2379,433,1109,1687,2040,859,1868,1034,2219,640,2144,411,348,1302,1701,538,1205,1092,1354,865,2445,646,2772,335,987,2113,1858,1396,961,2097,484,2768,508,2744,794,2393,2473,732,1941,1222,2388,499,1853,1402,1766,292,1510,242,1428,365,1506,304,1504,308,1454,361,1390,369,1530,202,1430,245,1535,213,1862,652,1451,1094,1908,1341,2693,508,2588,696,1989,1388,2277,981,2570,741,2910,322,1284,1693,2032,879,954,2042,2787,279,1956,591,1784,1434,2887,437,2245,577,1707,170,1376,518,1904,311,1417,259,2540,803,492,2874,431,2900,352,3023,293,3076,2929,368,1930,1393,2277,1048,1540,521,1913,152,1811,240,2335,453,1676,1113,3363,282,3236,459,2646,1000,2867,795,2308,1340,2280,1387,2342,1303,3064,592,1616,1860,1539,2096,1262,250
"4604",1447,1074,1517,930,1360,1270,1981,584,785,1733,1911,749,1676,986,1756,806,1652,579,395,631,1099,516,391,1299,865,759,1951,1014,2150,796,1468,1507,1933,1259,1051,1932,874,2286,917,2237,943,2122,2174,897,1850,1174,1809,939,1885,1236,979,208,834,139,793,235,830,202,835,216,787,257,787,241,909,98,819,147,855,145,1911,807,1221,1540,2066,2569,3409,1102,4140,587,2931,1965,3473,1244,3872,867,3722,908,1469,2800,1986,2186,1044,3252,3816,515,2692,1030,2884,1736,3562,1189,3101,883,1239,296,848,743,2009,447,1297,327,3403,1291,1382,3369,1008,3626,868,3859,893,3848,3888,638,3143,1499,3093,1536,1386,579,1666,295,1615,337,2275,875,2254,894,4809,778,4105,1627,4128,1544,4195,1460,3395,2211,3826,1842,3294,2329,4328,1287,2358,2951,2735,2857,1041,324
"4605",2074,1219,2171,1032,2155,1297,2781,578,1060,2291,2708,821,2469,1055,2433,960,2290,671,424,1135,1632,668,703,1719,1382,953,2641,955,2924,658,1407,2190,2503,1351,1313,2318,804,3019,841,2965,896,2838,2897,856,2370,1338,2414,887,2267,1550,1469,304,1239,223,1159,356,1244,302,1252,311,1236,326,1149,378,1330,167,1233,209,1292,207,2058,762,1477,1416,2079,2093,3190,862,3634,601,2866,1547,3101,1113,3533,755,3605,590,1455,2293,2068,1594,944,2889,3546,356,2404,777,2585,1560,3368,931,2966,676,1526,263,1143,713,2205,391,1379,328,3287,1034,870,3478,663,3613,552,3814,556,3817,3718,460,2936,1331,3014,1264,1648,549,1952,246,1860,322,2634,703,2412,921,4409,510,3872,1123,3865,1096,3900,1038,3205,1683,3547,1399,3258,1645,4070,844,2334,2315,2451,2424,1244,267
"4606",1952,1147,1981,991,1891,1308,2561,602,953,2150,2580,697,2204,1056,2312,844,2119,643,314,922,1486,527,548,1547,1251,762,2383,1015,2586,773,1419,1946,2553,1119,1321,2108,878,2733,921,2664,899,2608,2734,794,2322,1149,2144,968,2290,1275,1166,238,980,183,886,312,950,252,972,256,955,279,873,317,1039,134,936,200,968,208,4144,1389,2873,2795,4133,4243,6359,1783,7423,1087,5874,2920,6363,2064,7241,1351,7198,1206,2842,4691,4043,3287,1687,5927,7131,689,4782,1623,5362,2913,6627,1943,5998,1317,2891,489,2140,1368,4559,688,2802,530,6670,2053,1770,7031,1298,7317,1107,7710,1005,7814,7563,927,6124,2520,6111,2515,3221,936,3719,440,3561,547,5145,1409,4954,1630,9124,976,7817,2463,8253,1944,8077,2104,6792,3297,7459,2687,6677,3402,8471,1651,4808,4677,5303,4710,2427,465
"4607",1032,1011,1188,825,870,1295,1465,629,731,1353,1325,889,1197,1001,1366,763,1405,469,370,588,913,460,405,1017,676,637,1552,905,1727,671,1355,1130,1244,1369,802,1658,801,1811,845,1770,893,1637,1655,880,1452,1053,1471,856,1390,1178,970,217,842,135,732,276,800,221,788,232,718,296,685,324,882,112,783,164,832,153,1091,622,694,1074,1147,1736,2094,708,2580,355,1504,1557,2076,843,2241,699,2183,659,936,1729,1180,1431,660,2014,2291,405,1566,764,1717,1125,2220,730,1743,654,720,240,434,544,1272,457,855,275,1891,958,1062,1840,714,2096,715,2161,739,2154,2251,486,1634,1172,1715,1107,768,443,1009,222,964,258,1245,703,1215,728,2809,628,2503,1044,2131,1331,2362,1113,1925,1524,2127,1331,1867,1579,2451,976,1281,1980,1474,1971,667,232
"4608",812,594,872,511,662,792,1072,356,462,955,1094,382,924,547,923,503,866,407,200,342,587,274,225,663,457,401,1115,580,1146,531,868,837,1152,657,628,1067,560,1187,614,1136,536,1189,1245,492,1092,619,1027,569,1094,669,533,130,463,105,409,179,465,129,464,142,433,168,393,192,514,62,468,93,466,111,477,196,288,392,462,609,766,266,963,123,668,444,792,278,910,177,872,197,338,650,406,552,253,740,875,126,610,261,669,395,744,344,719,211,265,78,180,174,473,97,296,99,825,306,326,810,215,904,195,945,185,955,924,171,787,331,735,388,307,134,376,67,363,75,512,235,523,224,1190,204,929,491,1052,345,1058,349,832,545,999,402,836,546,1094,308,553,741,694,679,270,71
"4701",683,850,902,607,505,1077,996,527,505,1015,849,766,825,786,909,657,1012,359,364,375,674,402,365,755,452,625,1165,762,1359,567,1167,851,859,1239,626,1353,791,1294,826,1271,874,1149,1240,775,1052,932,1224,655,1057,959,739,222,726,107,590,246,659,180,638,209,594,262,573,266,739,71,671,138,721,107,679,619,327,995,770,1317,1516,484,1778,296,891,1292,1405,676,1504,584,1394,611,566,1392,734,1183,487,1472,1551,376,1081,622,993,1040,1580,509,1008,667,501,200,244,479,787,340,607,239,1163,835,897,1170,587,1416,584,1450,616,1433,1490,454,1031,957,967,1020,444,437,674,222,621,271,785,649,779,671,2052,572,1856,876,1383,1253,1666,1022,1104,1528,1314,1341,1096,1548,1766,882,772,1745,951,1664,429,242
"4702",200,269,280,178,151,329,302,157,139,329,277,214,250,241,272,205,332,102,121,100,166,125,60,241,117,170,299,195,343,148,304,221,266,276,164,354,172,373,184,362,194,335,320,207,273,246,313,160,245,284,188,55,165,33,145,61,152,56,156,54,150,60,153,54,174,20,159,34,167,34,230,161,113,286,251,393,444,182,558,90,307,361,439,193,480,167,475,152,180,429,247,330,136,468,498,96,335,188,344,293,472,179,376,162,157,73,90,158,257,111,183,80,358,261,233,393,183,432,197,425,172,452,464,119,306,292,293,305,137,128,204,61,199,68,216,195,213,197,580,181,494,299,467,305,487,297,358,413,413,359,332,441,494,273,214,525,263,500,122,56
"4703",559,864,780,616,479,1010,874,543,419,1009,832,677,748,753,760,704,965,310,399,396,647,449,251,880,407,653,1029,657,1246,459,1064,692,836,992,560,1169,565,1245,583,1243,735,1030,1040,732,845,892,1151,484,814,935,709,202,696,115,618,203,633,200,640,189,595,239,582,253,733,71,666,130,685,127,629,547,330,880,697,1092,1257,472,1547,273,769,1103,1216,593,1344,486,1298,466,476,1176,715,902,361,1305,1393,256,923,535,776,999,1378,462,954,567,508,178,251,454,707,360,559,228,995,803,676,1141,522,1250,526,1273,533,1276,1343,377,880,870,811,974,425,421,608,248,575,269,673,619,642,647,1640,419,1450,672,1258,813,1300,783,927,1155,1074,1012,877,1206,1334,732,577,1414,649,1419,406,201
"4704",1029,1444,1367,1074,855,1725,1581,899,863,1666,1368,1263,1285,1339,1287,1046,1619,651,597,613,1037,624,534,1199,677,1051,1749,1119,2060,821,1792,1194,1304,1810,959,2015,1107,2003,1133,1995,1161,1853,1797,1220,1507,1461,1659,911,1300,1459,1186,323,1025,175,903,339,950,280,958,294,903,343,836,415,1088,100,1002,175,1014,186,1096,952,510,1441,1131,1984,2189,854,2735,437,1427,1858,2137,993,2249,918,2178,840,911,2026,1185,1675,724,2216,2451,448,1641,906,1397,1426,2248,652,1616,924,807,314,455,716,1262,704,930,420,1675,1341,1311,1763,841,2160,1009,2044,1019,2037,2129,529,1403,1304,1446,1517,744,788,1071,377,979,453,1049,961,1120,1035,2935,848,2590,1296,2001,1809,2361,1461,1689,2132,1942,1871,1388,2062,2140,1308,952,2343,1339,2456,713,382
"4705",1395,1271,1603,991,1125,1622,1878,797,866,1790,1733,1059,1522,1264,1748,929,1737,636,511,701,1211,547,504,1309,858,827,1992,1061,2207,873,1680,1457,1752,1607,1082,2054,1028,2304,1067,2284,1111,2114,2146,1049,1865,1297,1892,1038,1845,1397,1239,279,1053,208,941,357,971,335,1012,319,944,379,887,406,1113,163,976,235,1053,201,1541,946,912,1651,1709,2528,3002,1076,3768,510,2301,2159,3071,1171,3365,931,3202,965,1325,2590,1574,2254,952,2942,3384,539,2389,1074,2436,1717,3134,1128,2540,958,975,326,600,731,1796,547,1347,409,2683,1356,1512,2596,1002,3004,975,3110,982,3130,3189,733,2406,1573,2419,1570,1032,583,1336,292,1273,343,1732,1009,1756,987,4157,951,3557,1684,3327,1836,3514,1652,2742,2388,3128,2011,2624,2495,3602,1536,1885,2977,2212,2887,897,316
"4706",780,1113,990,889,546,1440,1204,708,642,1282,1157,835,988,1009,1076,855,1213,554,393,346,683,523,291,950,486,703,1254,973,1432,772,1414,872,1128,1246,737,1538,1007,1371,1049,1337,860,1440,1418,884,1216,1035,1286,831,1171,1134,675,221,625,165,555,255,585,224,578,236,534,285,517,299,701,88,609,167,620,173,834,749,378,1231,855,1775,1784,774,2333,349,1129,1627,1797,865,2004,678,1774,816,706,1790,816,1622,582,1898,1993,443,1350,868,1314,1279,1899,786,1449,769,505,268,280,513,937,426,710,278,1387,1048,1111,1352,781,1616,841,1606,808,1659,1825,504,1300,1088,1218,1198,492,500,680,311,658,327,725,932,906,807,2395,777,1884,1374,1760,1432,1941,1290,1373,1814,1625,1564,1298,1886,1915,1264,872,2142,1081,2081,413,244
"4707",499,461,569,396,397,610,700,277,349,642,646,389,617,414,642,354,642,231,197,285,424,233,147,540,316,331,696,420,823,302,665,503,645,580,409,756,402,830,416,830,435,755,772,413,684,487,717,381,675,509,457,131,410,79,357,146,376,131,381,139,363,153,349,157,423,63,367,97,402,88,535,317,272,608,526,814,972,339,1182,191,728,704,974,372,1088,294,1033,284,370,865,518,679,309,930,1052,187,733,350,786,544,1025,363,803,328,327,101,202,238,543,175,409,118,840,457,460,857,335,952,316,994,341,987,1025,219,789,495,749,532,340,224,436,134,419,147,526,397,542,380,1366,300,1135,563,1064,615,1107,574,873,787,997,671,837,826,1148,523,566,1006,713,945,264,117
"4708",995,1092,1191,836,784,1362,1387,673,711,1391,1372,811,1170,1002,1249,858,1396,497,431,504,797,560,326,1082,566,768,1519,988,1744,747,1475,1107,1393,1293,898,1658,1027,1649,1054,1634,992,1628,1667,927,1410,1163,1568,831,1436,1196,889,258,828,142,757,255,794,218,795,230,753,282,726,283,899,79,832,144,839,150,1008,686,527,1199,1127,1827,2084,784,2590,416,1537,1557,2091,903,2293,719,2128,774,810,1942,1074,1622,614,2149,2303,446,1595,835,1539,1403,2214,789,1696,781,678,230,383,558,1123,488,861,306,1765,1073,1135,1730,804,1989,833,2020,785,2070,2191,522,1605,1178,1566,1238,641,489,873,267,810,326,1072,812,1096,799,2949,676,2474,1260,2332,1326,2418,1274,1863,1766,2180,1468,1822,1816,2579,1067,1221,2239,1547,2088,557,253
"4709",498,647,622,499,335,845,724,397,344,807,702,508,632,563,641,519,735,302,250,214,436,316,156,616,310,427,758,582,875,449,859,514,700,729,468,889,530,900,551,892,496,899,856,535,692,668,763,511,721,677,428,148,402,92,352,159,367,135,360,146,344,164,348,165,423,67,391,98,394,93,503,447,256,723,514,1001,1031,449,1357,196,702,886,1019,516,1207,342,1067,435,431,976,531,867,334,1087,1192,235,784,480,719,780,1104,430,823,436,315,177,162,338,559,259,421,189,872,614,586,917,417,1043,429,1068,396,1105,1141,295,817,656,754,722,306,268,399,179,393,182,455,542,533,480,1486,394,1208,715,1170,724,1185,718,824,1069,1025,868,754,1125,1239,649,544,1265,661,1225,278,170
"4710",1066,1313,1246,1095,818,1649,1531,848,820,1572,1462,1065,1344,1186,1353,1061,1498,672,523,472,899,649,331,1253,591,907,1690,1163,1910,970,1742,1207,1593,1514,1000,1893,1145,1939,1187,1906,1155,1813,1843,1134,1662,1298,1679,1098,1655,1352,940,318,838,202,765,338,757,328,776,330,736,386,728,379,926,136,814,227,832,220,836,657,408,1122,1012,1738,1949,739,2465,331,1283,1611,1935,838,2118,666,1885,792,809,1741,953,1565,637,1910,2103,422,1466,792,1460,1232,1996,769,1529,765,507,244,259,513,969,426,677,268,1573,993,1114,1481,805,1725,843,1737,860,1742,1915,542,1449,1071,1374,1161,473,403,651,247,618,271,825,750,899,673,2570,791,2089,1394,1956,1452,2100,1325,1569,1819,1840,1565,1497,1882,2161,1221,1036,2174,1287,2091,449,220
"4801",297,516,451,349,270,570,510,300,299,519,446,403,441,406,461,366,537,215,183,155,293,225,136,390,190,324,587,405,752,260,663,384,474,608,364,645,343,730,353,727,452,607,615,440,493,531,629,335,525,529,327,123,346,51,309,107,319,102,312,115,291,133,302,116,369,36,335,58,344,62,380,282,201,488,432,710,814,310,994,169,533,664,783,373,852,315,813,310,297,790,422,617,247,833,921,143,641,310,521,601,911,250,608,354,268,86,138,219,314,223,269,122,602,485,450,652,360,719,372,734,371,744,846,206,574,512,524,557,209,211,311,109,289,129,422,311,390,349,1075,302,963,464,840,552,869,531,620,760,724,669,592,793,864,530,400,918,518,864,195,115
"4803",662,609,736,509,549,778,940,339,403,878,955,384,809,521,810,492,802,391,207,275,494,338,174,681,402,435,971,570,1040,519,829,762,1054,618,595,991,592,1060,608,1051,524,1086,1083,514,939,650,912,578,971,677,469,129,406,114,360,180,404,147,407,147,375,180,360,181,431,90,395,116,420,115,1909,1050,1135,1896,2056,3236,3730,1429,4766,626,3092,2455,3890,1454,4395,1015,4009,1256,1504,3425,1938,2851,1057,3861,4304,665,2899,1387,3102,2142,3855,1549,3359,1218,1269,424,796,948,2249,554,1495,463,3701,1656,1659,3749,1126,4179,1036,4359,1019,4389,4387,776,3590,1701,3339,1957,1480,677,1750,404,1711,427,2466,1197,2608,1060,5855,1118,4897,2233,5207,1855,5211,1850,3829,3147,4630,2384,3836,3136,5346,1636,2775,3872,3359,3595,999,394
"4804",413,379,486,299,393,441,585,220,288,525,601,249,508,341,527,292,484,256,137,196,296,187,105,404,231,263,621,379,666,336,552,458,649,412,356,645,319,730,330,722,337,691,699,315,567,435,573,377,582,457,277,98,260,68,222,110,252,85,256,89,240,107,211,127,297,36,247,78,260,71,382,234,206,424,443,696,814,311,1018,136,648,552,837,315,957,205,857,277,345,720,424,616,236,827,906,154,644,307,648,490,861,311,698,264,288,73,181,193,463,116,307,109,796,377,383,806,256,906,235,949,256,932,932,193,764,401,717,451,267,153,347,77,322,100,523,260,538,246,1286,270,1039,563,1087,498,1141,443,836,727,1004,570,817,744,1170,396,582,890,716,840,251,71
"4805",234,194,220,199,165,281,301,134,137,298,287,168,253,199,268,170,267,123,79,70,172,88,63,206,119,133,336,236,379,195,346,244,337,286,234,350,227,388,245,377,224,373,405,190,366,223,328,234,367,236,181,44,146,44,154,50,135,62,151,49,132,72,144,56,172,20,146,43,148,37,230,135,134,243,212,436,435,200,582,80,353,322,447,218,536,119,446,186,173,429,191,401,149,444,485,102,331,199,396,243,462,191,399,136,125,67,69,128,248,74,150,55,376,236,272,351,198,413,177,448,192,437,468,127,365,240,353,250,114,68,153,37,144,42,185,158,218,131,632,191,531,316,508,324,542,298,435,387,506,325,405,423,580,248,298,488,344,475,81,46
"4806",389,573,554,394,355,627,627,327,314,636,543,449,554,444,531,442,667,212,203,218,377,259,174,481,235,375,663,446,822,286,711,442,528,673,366,777,350,856,379,832,499,680,682,485,522,629,737,343,534,646,416,149,393,90,358,141,357,144,363,146,374,140,356,160,419,70,386,90,401,77,381,357,215,541,525,715,865,326,1043,201,556,729,827,405,927,328,856,366,344,809,485,626,249,903,965,191,620,376,534,694,929,329,620,439,345,92,184,273,446,223,337,154,720,462,522,678,382,791,386,803,395,805,893,244,592,575,577,587,243,276,374,151,361,162,479,369,462,394,1172,354,1027,531,907,637,930,606,640,886,775,766,599,932,941,586,445,1010,535,986,259,136
"4807",715,756,816,627,499,1035,980,505,464,1019,996,572,799,750,856,652,920,414,290,252,537,376,194,748,378,501,1036,700,1146,615,1116,698,1078,846,675,1149,710,1187,746,1158,678,1153,1174,668,1008,807,1011,687,1008,833,572,159,505,118,455,205,499,160,487,187,454,220,433,219,559,79,500,125,505,126,685,519,347,878,783,1360,1495,590,1933,254,1107,1163,1499,673,1763,433,1535,595,635,1336,729,1211,472,1520,1647,339,1183,594,1151,970,1578,612,1242,561,474,191,259,414,864,307,563,208,1456,766,876,1369,568,1627,631,1611,601,1633,1677,456,1333,849,1245,939,458,324,587,206,568,224,811,659,904,566,2267,617,1896,1069,1827,1081,1864,1066,1383,1513,1678,1229,1377,1525,1894,999,969,1777,1163,1722,355,193
"4902",4,17,5,12,9,13,7,10,6,13,10,10,8,15,4,16,7,7,2,0,2,5,3,4,0,7,8,12,11,7,18,3,10,10,13,8,8,15,6,16,12,8,6,14,10,10,15,5,10,13,5,7,8,3,7,4,8,3,6,5,6,5,6,5,9,2,6,4,9,2,9,6,3,12,3,25,22,4,21,7,9,20,18,10,22,5,13,12,8,18,16,8,4,22,18,5,11,9,11,18,20,8,7,17,2,6,2,7,7,9,4,3,13,13,13,14,11,14,13,13,11,15,21,1,7,20,9,17,8,11,13,6,12,5,9,10,5,14,15,8,13,10,10,13,9,15,3,21,3,21,2,22,10,14,3,20,3,20,5,6
"5009",236,298,285,239,171,387,329,206,188,363,280,285,276,287,269,286,314,176,97,82,169,121,67,235,125,167,339,251,381,201,380,218,289,350,218,388,261,375,277,370,245,372,357,259,316,279,327,241,296,323,171,54,168,27,124,72,142,52,144,49,131,68,115,81,172,20,153,33,159,28,218,205,93,340,248,533,518,235,693,104,332,498,518,279,590,217,479,296,194,540,230,479,184,532,549,167,383,272,346,423,520,219,422,280,138,70,80,140,253,115,154,65,386,317,340,376,256,451,260,454,272,443,496,183,361,333,333,366,130,117,173,76,186,63,213,264,244,239,743,273,597,454,537,498,566,477,392,630,490,535,379,650,595,441,284,709,349,685,99,73
"5101",243,204,249,191,174,294,304,143,146,315,303,171,252,218,287,169,285,123,82,83,132,114,36,217,95,146,342,210,351,198,361,198,334,259,199,362,213,376,228,359,220,357,357,214,324,229,302,225,332,233,170,32,150,27,137,46,129,52,138,46,130,57,130,55,160,18,146,30,136,37,188,157,86,267,227,411,462,158,555,86,305,351,455,183,508,131,427,194,190,411,211,386,154,433,483,107,330,211,386,242,408,228,362,146,92,51,43,104,176,86,119,60,345,196,228,323,190,356,166,386,160,393,377,146,317,225,311,232,97,85,126,58,124,61,169,168,186,157,563,182,467,299,426,331,471,282,362,389,439,308,363,385,503,249,263,448,292,453,79,42
"5102",1111,1462,1413,1135,794,1877,1658,930,873,1732,1617,1092,1376,1319,1471,1168,1698,678,568,466,917,711,356,1330,620,948,1831,1280,2029,1067,1977,1250,1719,1618,1060,2115,1293,2018,1347,1987,1326,1917,1900,1339,1659,1501,1823,1180,1710,1509,954,329,879,192,754,352,806,299,804,324,755,378,737,383,966,117,861,209,888,189,1088,897,530,1512,1205,2299,2377,1007,3059,488,1536,2147,2426,1118,2763,810,2422,1025,979,2319,1170,2047,740,2503,2710,554,1796,1110,1752,1736,2532,1027,1894,1035,703,334,376,684,1261,606,755,361,1943,1461,1517,1938,1128,2244,1152,2288,1122,2325,2558,720,1803,1567,1702,1656,669,666,936,414,896,444,1158,1066,1237,1020,3421,1070,2894,1736,2566,1964,2762,1794,2008,2514,2401,2129,1961,2570,2847,1660,1395,2937,1643,2855,577,331
"5103",626,794,829,555,475,967,907,495,466,950,774,681,766,691,811,604,941,344,294,271,456,383,194,665,299,511,959,632,1132,488,990,652,785,940,575,1053,581,1125,611,1110,691,975,1024,656,865,777,1007,536,846,831,549,182,531,96,492,165,505,147,494,164,460,195,480,171,565,60,500,119,533,94,580,484,341,740,693,1245,1370,518,1697,263,952,1070,1301,654,1470,507,1348,552,500,1292,664,1090,372,1403,1477,317,1029,572,949,944,1550,415,1054,600,410,128,212,346,606,355,419,209,1105,823,829,1129,641,1278,647,1310,658,1302,1436,430,1048,863,955,950,358,329,493,202,496,201,634,584,616,614,1958,602,1755,882,1376,1203,1496,1106,1047,1526,1228,1368,1029,1551,1508,1062,726,1741,900,1671,308,229
"5104",882,1295,1247,909,652,1626,1333,832,673,1554,1210,1098,1191,1108,1117,1052,1433,550,449,424,733,610,311,1101,522,875,1496,1093,1800,841,1701,1000,1259,1578,893,1776,1090,1722,1137,1695,1178,1564,1595,1149,1271,1413,1531,933,1288,1410,756,270,763,118,659,258,712,207,708,211,657,264,636,282,791,93,725,138,744,141,879,877,447,1313,1048,1998,2109,837,2658,423,1277,1902,1986,1067,2217,867,2044,927,855,1994,1037,1760,621,2188,2314,490,1561,940,1298,1623,2289,725,1489,1033,637,282,308,643,982,564,677,338,1530,1340,1385,1547,1013,1843,1064,1860,1104,1831,2075,641,1385,1395,1305,1530,541,653,855,330,803,374,937,983,937,1088,2738,904,2452,1316,1913,1762,2086,1622,1477,2193,1725,1964,1391,2196,2110,1490,946,2464,1239,2433,544,327
"5106",415,549,542,445,271,771,602,391,334,665,539,515,491,559,106,67,616,257,59,28,70,56,22,106,229,214,683,511,765,404,728,484,556,720,418,797,504,773,515,766,484,750,738,499,698,490,106,94,119,93,365,71,65,16,62,19,61,21,57,26,59,24,58,26,74,7,68,10,70,11,479,272,45,96,454,860,940,331,1199,141,570,819,940,395,1010,334,920,372,367,852,415,792,313,910,1015,204,698,377,111,103,167,51,821,364,51,23,26,50,494,229,59,31,754,475,611,638,425,779,478,763,496,756,154,56,99,118,665,534,287,199,53,31,44,38,68,83,459,360,1217,353,998,637,797,795,979,617,705,870,775,820,106,170,156,119,69,187,554,1018,256,116
